{
    "name": "root",
    "gauges": {
        "CollectVegetableRed.Policy.Entropy.mean": {
            "value": 3.562734365463257,
            "min": 3.494131565093994,
            "max": 3.5870327949523926,
            "count": 22
        },
        "CollectVegetableRed.Policy.Entropy.sum": {
            "value": 173405.40625,
            "min": 171038.0625,
            "max": 184939.78125,
            "count": 22
        },
        "CollectVegetableRed.Step.mean": {
            "value": 1099983.0,
            "min": 49984.0,
            "max": 1099983.0,
            "count": 22
        },
        "CollectVegetableRed.Step.sum": {
            "value": 1099983.0,
            "min": 49984.0,
            "max": 1099983.0,
            "count": 22
        },
        "CollectVegetableRed.Policy.ExtrinsicValueEstimate.mean": {
            "value": -0.00268634594976902,
            "min": -0.016967197880148888,
            "max": 0.005859181750565767,
            "count": 22
        },
        "CollectVegetableRed.Policy.ExtrinsicValueEstimate.sum": {
            "value": -2.218921661376953,
            "min": -13.709495544433594,
            "max": 4.740077972412109,
            "count": 22
        },
        "CollectVegetableRed.Policy.CuriosityValueEstimate.mean": {
            "value": 0.2558455169200897,
            "min": 0.22096405923366547,
            "max": 0.5469703674316406,
            "count": 22
        },
        "CollectVegetableRed.Policy.CuriosityValueEstimate.sum": {
            "value": 211.32839965820312,
            "min": 178.53895568847656,
            "max": 442.4990234375,
            "count": 22
        },
        "CollectVegetableRed.Losses.PolicyLoss.mean": {
            "value": 0.028041416024279897,
            "min": 0.021144339599939284,
            "max": 0.028041416024279897,
            "count": 22
        },
        "CollectVegetableRed.Losses.PolicyLoss.sum": {
            "value": 0.11216566409711959,
            "min": 0.08457735839975714,
            "max": 0.1291313935374395,
            "count": 22
        },
        "CollectVegetableRed.Losses.ValueLoss.mean": {
            "value": 0.0002878263021860524,
            "min": 0.000160120182075237,
            "max": 0.00941810043245318,
            "count": 22
        },
        "CollectVegetableRed.Losses.ValueLoss.sum": {
            "value": 0.0011513052087442097,
            "min": 0.000640480728300948,
            "max": 0.03767240172981272,
            "count": 22
        },
        "CollectVegetableRed.Policy.LearningRate.mean": {
            "value": 0.00028927560357480003,
            "min": 0.00028927560357480003,
            "max": 0.00029970144009952007,
            "count": 22
        },
        "CollectVegetableRed.Policy.LearningRate.sum": {
            "value": 0.0011571024142992001,
            "min": 0.0011571024142992001,
            "max": 0.0014912750429083201,
            "count": 22
        },
        "CollectVegetableRed.Policy.Epsilon.mean": {
            "value": 0.19642520000000002,
            "min": 0.19642520000000002,
            "max": 0.19990048,
            "count": 22
        },
        "CollectVegetableRed.Policy.Epsilon.sum": {
            "value": 0.7857008000000001,
            "min": 0.7857008000000001,
            "max": 0.9970916799999998,
            "count": 22
        },
        "CollectVegetableRed.Policy.Beta.mean": {
            "value": 0.00482161748,
            "min": 0.00482161748,
            "max": 0.004995033951999999,
            "count": 22
        },
        "CollectVegetableRed.Policy.Beta.sum": {
            "value": 0.01928646992,
            "min": 0.01928646992,
            "max": 0.024854874832,
            "count": 22
        },
        "CollectVegetableRed.Losses.CuriosityForwardLoss.mean": {
            "value": 0.11202804449324807,
            "min": 0.07250506391541825,
            "max": 0.1642598465861132,
            "count": 22
        },
        "CollectVegetableRed.Losses.CuriosityForwardLoss.sum": {
            "value": 0.4481121779729923,
            "min": 0.290020255661673,
            "max": 0.6570393863444528,
            "count": 22
        },
        "CollectVegetableRed.Losses.CuriosityInverseLoss.mean": {
            "value": 3.7882383075025348,
            "min": 3.28673887749513,
            "max": 4.071764436695311,
            "count": 22
        },
        "CollectVegetableRed.Losses.CuriosityInverseLoss.sum": {
            "value": 15.152953230010139,
            "min": 13.14695550998052,
            "max": 18.813955638143753,
            "count": 22
        },
        "CollectVegetableRed.Environment.EpisodeLength.mean": {
            "value": 602.0,
            "min": 602.0,
            "max": 603.0,
            "count": 22
        },
        "CollectVegetableRed.Environment.EpisodeLength.sum": {
            "value": 57792.0,
            "min": 28896.0,
            "max": 57840.0,
            "count": 22
        },
        "CollectVegetableRed.Environment.CumulativeReward.mean": {
            "value": 0.009874570078321031,
            "min": 0.00267527441873631,
            "max": 0.029801179649940113,
            "count": 22
        },
        "CollectVegetableRed.Environment.CumulativeReward.sum": {
            "value": 0.7603418960307193,
            "min": 0.1284131720993429,
            "max": 2.4762340416789677,
            "count": 22
        },
        "CollectVegetableRed.Policy.ExtrinsicReward.mean": {
            "value": 0.009874570078321031,
            "min": 0.00267527441873631,
            "max": 0.029801179649940113,
            "count": 22
        },
        "CollectVegetableRed.Policy.ExtrinsicReward.sum": {
            "value": 0.7603418960307193,
            "min": 0.1284131720993429,
            "max": 2.4762340416789677,
            "count": 22
        },
        "CollectVegetableRed.Policy.CuriosityReward.mean": {
            "value": 1.4447123610789512,
            "min": 0.8677833482312659,
            "max": 1.65451442192231,
            "count": 22
        },
        "CollectVegetableRed.Policy.CuriosityReward.sum": {
            "value": 111.24285180307925,
            "min": 41.653600715100765,
            "max": 158.83338450454175,
            "count": 22
        },
        "CollectVegetableRed.IsTraining.mean": {
            "value": 1.0,
            "min": 1.0,
            "max": 1.0,
            "count": 22
        },
        "CollectVegetableRed.IsTraining.sum": {
            "value": 1.0,
            "min": 1.0,
            "max": 1.0,
            "count": 22
        }
    },
    "metadata": {
        "timer_format_version": "0.1.0",
        "start_time_seconds": "1713063375",
        "python_version": "3.8.0 (tags/v3.8.0:fa919fd, Oct 14 2019, 19:37:50) [MSC v.1916 64 bit (AMD64)]",
        "command_line_arguments": "C:\\Users\\CIT\\Documents\\TA Game\\mlagents\\venv3.8\\Scripts\\mlagents-learn config\\defaultConfig-30M.yaml --run-id=simpleEnv6-1 --env=env-6.1\\GardenFrenzy --base-port=5012 --force",
        "mlagents_version": "0.29.0",
        "mlagents_envs_version": "0.29.0",
        "communication_protocol_version": "1.5.0",
        "pytorch_version": "2.2.2+cpu",
        "numpy_version": "1.21.2",
        "end_time_seconds": "1713075659"
    },
    "total": 12284.1140101,
    "count": 1,
    "self": 5.861256100000901,
    "children": {
        "run_training.setup": {
            "total": 0.07208229999999993,
            "count": 1,
            "self": 0.07208229999999993
        },
        "TrainerController.start_learning": {
            "total": 12278.1806717,
            "count": 1,
            "self": 0.4994503000525583,
            "children": {
                "TrainerController._reset_env": {
                    "total": 3.2125601999999995,
                    "count": 1,
                    "self": 3.2125601999999995
                },