{"count":1,"self":4747.9156735999995,"total":111455.9694908,"children":{"InitializeActuators":{"count":12,"self":0.0010002,"total":0.0010002,"children":null},"InitializeSensors":{"count":12,"self":0.0065175,"total":0.0065175,"children":null},"AgentSendState":{"count":25000152,"self":60036.035379199995,"total":61100.4571668,"children":{"CollectObservations":{"count":60000372,"self":415.40741119999996,"total":415.40740439999996,"children":null},"WriteActionMask":{"count":60000372,"self":17.665736,"total":17.6657367,"children":null},"RequestDecision":{"count":60000372,"self":69.528755199999992,"total":631.34735289999992,"children":{"AgentInfo.ToProto":{"count":30000186,"self":49.526911999999996,"total":503.47702369999996,"children":{"GenerateSensorData":{"count":30000186,"self":365.8708736,"total":453.9501118,"children":{"RayPerceptionSensor.Perceive":{"count":30000186,"self":88.0792384,"total":88.07924,"children":null}}}}},"RayPerceptionSensor.Perceive":{"count":30000186,"self":58.3415744,"total":58.3415744,"children":null}}}}},"DecideAction":{"count":25000152,"self":44828.4131328,"total":44828.411721899996,"children":null},"AgentAct":{"count":25000152,"self":778.490368,"total":778.49039269999992,"children":null},"AgentInfo.ToProto":{"count":20366,"self":0.1268346,"total":0.6359577,"children":{"GenerateSensorData":{"count":20366,"self":0.4112867,"total":0.50912309999999994,"children":{"RayPerceptionSensor.Perceive":{"count":20366,"self":0.09783639999999999,"total":0.09783639999999999,"children":null}}}}},"RayPerceptionSensor.Perceive":{"count":20366,"self":0.050140199999999996,"total":0.050140199999999996,"children":null}},"gauges":{"CollectVegetableRed.CumulativeReward":{"count":40732,"max":1.20155561,"min":0,"runningAverage":0.009790709,"value":0,"weightedAverage":0.000275093043}},"metadata":{"timer_format_version":"0.1.0","start_time_seconds":"1715586601","unity_version":"2022.3.10f1","command_line_arguments":"C:\\Users\\CIT\\Documents\\TA Game\\GardenFrenzy\\training\\level1-nearestVegetable-H-1\\GardenFrenzy.exe -nographics -batchmode --mlagents-port 5013 -logFile C:\\Users\\CIT\\Documents\\TA Game\\GardenFrenzy\\training\\results\\Level1_nearestVegetable_H_1\\run_logs\\Player-0.log","communication_protocol_version":"1.5.0","com.unity.ml-agents_version":"2.0.1","scene_name":"Level1 training","end_time_seconds":"1715698057"}}