{
    "name": "root",
    "gauges": {
        "CollectVegetableRed.Policy.Entropy.mean": {
            "value": 3.5664570331573486,
            "min": 3.4675004482269287,
            "max": 3.5664570331573486,
            "count": 11
        },
        "CollectVegetableRed.Policy.Entropy.sum": {
            "value": 178401.3125,
            "min": 172951.984375,
            "max": 178401.3125,
            "count": 11
        },
        "CollectVegetableRed.Environment.LessonNumber.lesson_num.mean": {
            "value": 0.0,
            "min": 0.0,
            "max": 0.0,
            "count": 11
        },
        "CollectVegetableRed.Environment.LessonNumber.lesson_num.sum": {
            "value": 0.0,
            "min": 0.0,
            "max": 0.0,
            "count": 11
        },
        "CollectVegetableRed.Step.mean": {
            "value": 549985.0,
            "min": 49983.0,
            "max": 549985.0,
            "count": 11
        },
        "CollectVegetableRed.Step.sum": {
            "value": 549985.0,
            "min": 49983.0,
            "max": 549985.0,
            "count": 11
        },
        "CollectVegetableRed.Policy.ExtrinsicValueEstimate.mean": {
            "value": 0.00490728672593832,
            "min": -0.001168906455859542,
            "max": 0.19258703291416168,
            "count": 11
        },
        "CollectVegetableRed.Policy.ExtrinsicValueEstimate.sum": {
            "value": 4.068140506744385,
            "min": -0.9725301265716553,
            "max": 159.46206665039062,
            "count": 11
        },
        "CollectVegetableRed.Policy.CuriosityValueEstimate.mean": {
            "value": 0.34442219138145447,
            "min": -0.0955815538764,
            "max": 0.640068769454956,
            "count": 11
        },
        "CollectVegetableRed.Policy.CuriosityValueEstimate.sum": {
            "value": 285.5260009765625,
            "min": -79.14152526855469,
            "max": 529.9769287109375,
            "count": 11
        },
        "CollectVegetableRed.Environment.EpisodeLength.mean": {
            "value": 602.329268292683,
            "min": 596.060975609756,
            "max": 602.3333333333334,
            "count": 11
        },
        "CollectVegetableRed.Environment.EpisodeLength.sum": {
            "value": 49391.0,
            "min": 48789.0,
            "max": 53605.0,
            "count": 11
        },
        "CollectVegetableRed.Environment.CumulativeReward.mean": {
            "value": -0.008315047014279707,
            "min": -0.07691696448842729,
            "max": 0.4244069181011696,
            "count": 11
        },
        "CollectVegetableRed.Environment.CumulativeReward.sum": {
            "value": -0.681833855170936,
            "min": -6.845609839470029,
            "max": 34.80136728429591,
            "count": 11
        },
        "CollectVegetableRed.Policy.ExtrinsicReward.mean": {
            "value": -0.008315047014279707,
            "min": -0.07691696448842729,
            "max": 0.4244069181011696,
            "count": 11
        },
        "CollectVegetableRed.Policy.ExtrinsicReward.sum": {
            "value": -0.681833855170936,
            "min": -6.845609839470029,
            "max": 34.80136728429591,
            "count": 11
        },
        "CollectVegetableRed.Policy.CuriosityReward.mean": {
            "value": 1.67469533301163,
            "min": 0.9466535939294615,
            "max": 2.293003371257971,
            "count": 11
        },
        "CollectVegetableRed.Policy.CuriosityReward.sum": {
            "value": 137.32501730695367,
            "min": 76.67894110828638,
            "max": 188.02627644315362,
            "count": 11
        },
        "CollectVegetableRed.Losses.PolicyLoss.mean": {
            "value": 0.02156524767022347,
            "min": 0.02156524767022347,
            "max": 0.026135772346478913,
            "count": 11
        },
        "CollectVegetableRed.Losses.PolicyLoss.sum": {
            "value": 0.10782623835111735,
            "min": 0.08932240560922461,
            "max": 0.13067886173239457,
            "count": 11
        },
        "CollectVegetableRed.Losses.ValueLoss.mean": {
            "value": 0.0014844413608079777,
            "min": 0.0003105884257335371,
            "max": 0.06256515165480475,
            "count": 11
        },
        "CollectVegetableRed.Losses.ValueLoss.sum": {
            "value": 0.007422206804039888,
            "min": 0.0015529421286676855,
            "max": 0.31282575827402376,
            "count": 11
        },
        "CollectVegetableRed.Policy.LearningRate.mean": {
            "value": 0.0002947369557543486,
            "min": 0.0002947369557543486,
            "max": 0.0002997394600868466,
            "count": 11
        },
        "CollectVegetableRed.Policy.LearningRate.sum": {
            "value": 0.001473684778771743,
            "min": 0.0011869939543353498,
            "max": 0.0014963832712055762,
            "count": 11
        },
        "CollectVegetableRed.Policy.Epsilon.mean": {
            "value": 0.19824565133333336,
            "min": 0.19824565133333336,
            "max": 0.1999131533333334,
            "count": 11
        },
        "CollectVegetableRed.Policy.Epsilon.sum": {
            "value": 0.9912282566666668,
            "min": 0.7956646499999998,
            "max": 0.9987944233333335,
            "count": 11
        },
        "CollectVegetableRed.Policy.Beta.mean": {
            "value": 0.004912458001533332,
            "min": 0.004912458001533332,
            "max": 0.004995666351333333,
            "count": 11
        },
        "CollectVegetableRed.Policy.Beta.sum": {
            "value": 0.024562290007666663,
            "min": 0.019783666035,
            "max": 0.02493984172433333,
            "count": 11
        },
        "CollectVegetableRed.Losses.CuriosityForwardLoss.mean": {
            "value": 0.12200146620472271,
            "min": 0.074970446874698,
            "max": 0.3577075007061164,
            "count": 11
        },
        "CollectVegetableRed.Losses.CuriosityForwardLoss.sum": {
            "value": 0.6100073310236136,
            "min": 0.35730122625827787,
            "max": 1.4308300028244656,
            "count": 11
        },
        "CollectVegetableRed.Losses.CuriosityInverseLoss.mean": {
            "value": 3.6250175698598226,
            "min": 2.97620335261027,
            "max": 3.888339212735494,
            "count": 11
        },
        "CollectVegetableRed.Losses.CuriosityInverseLoss.sum": {
            "value": 18.125087849299113,
            "min": 11.96450806458791,
            "max": 19.44169606367747,
            "count": 11
        },
        "CollectVegetableRed.IsTraining.mean": {
            "value": 1.0,
            "min": 1.0,
            "max": 1.0,
            "count": 11
        },
        "CollectVegetableRed.IsTraining.sum": {
            "value": 1.0,
            "min": 1.0,
            "max": 1.0,
            "count": 11
        }
    },
    "metadata": {
        "timer_format_version": "0.1.0",
        "start_time_seconds": "1714896020",
        "python_version": "3.8.0 (tags/v3.8.0:fa919fd, Oct 14 2019, 19:37:50) [MSC v.1916 64 bit (AMD64)]",
        "command_line_arguments": "C:\\Users\\CIT\\Documents\\TA Game\\mlagents\\venv3.8\\Scripts\\mlagents-learn config\\defaultConfig-30M-2layer.yaml --run-id=Level1_Academy_2Layer --env=level1-academy1 --base-port=5012 --force",
        "mlagents_version": "0.29.0",
        "mlagents_envs_version": "0.29.0",
        "communication_protocol_version": "1.5.0",
        "pytorch_version": "2.2.2+cpu",
        "numpy_version": "1.21.2",
        "end_time_seconds": "1714901714"
    },
    "total": 5693.5590499,
    "count": 1,
    "self": 4.6159577999997055,
    "children": {
        "run_training.setup": {
            "total": 0.0758049999999999,
            "count": 1,
            "self": 0.0758049999999999
        },