{
    "name": "root",
    "gauges": {
        "CollectVegetableRed.Policy.Entropy.mean": {
            "value": 3.876209020614624,
            "min": 3.4995086193084717,
            "max": 3.8874082565307617,
            "count": 169
        },
        "CollectVegetableRed.Policy.Entropy.sum": {
            "value": 194058.53125,
            "min": 170755.546875,
            "max": 195206.171875,
            "count": 169
        },
        "CollectVegetableRed.Step.mean": {
            "value": 8449958.0,
            "min": 49984.0,
            "max": 8449958.0,
            "count": 169
        },
        "CollectVegetableRed.Step.sum": {
            "value": 8449958.0,
            "min": 49984.0,
            "max": 8449958.0,
            "count": 169
        },
        "CollectVegetableRed.Policy.ExtrinsicValueEstimate.mean": {
            "value": 0.0022224474232643843,
            "min": -0.0044939154759049416,
            "max": 0.031342487782239914,
            "count": 169
        },
        "CollectVegetableRed.Policy.ExtrinsicValueEstimate.sum": {
            "value": 1.8379639387130737,
            "min": -3.756913185119629,
            "max": 26.202320098876953,
            "count": 169
        },
        "CollectVegetableRed.Policy.CuriosityValueEstimate.mean": {
            "value": 0.5831242203712463,
            "min": 0.03395313024520874,
            "max": 1.5308544635772705,
            "count": 169
        },
        "CollectVegetableRed.Policy.CuriosityValueEstimate.sum": {
            "value": 482.2437438964844,
            "min": 27.43412971496582,
            "max": 1238.4613037109375,
            "count": 169
        },
        "CollectVegetableRed.Losses.PolicyLoss.mean": {
            "value": 0.01984219949106773,
            "min": 0.019182788349321023,
            "max": 0.028981263384715693,
            "count": 169
        },
        "CollectVegetableRed.Losses.PolicyLoss.sum": {
            "value": 0.09921099745533865,
            "min": 0.07673115339728409,
            "max": 0.14490631692357847,
            "count": 169
        },
        "CollectVegetableRed.Losses.ValueLoss.mean": {
            "value": 0.000670501937662872,
            "min": 0.00020571036119589636,
            "max": 0.04558986344943858,
            "count": 169
        },
        "CollectVegetableRed.Losses.ValueLoss.sum": {
            "value": 0.0033525096883143604,
            "min": 0.0008228414447835854,
            "max": 0.1823594537977543,
            "count": 169
        },
        "CollectVegetableRed.Policy.LearningRate.mean": {
            "value": 7.192183207819602e-05,
            "min": 7.192183207819602e-05,
            "max": 9.990048009952001e-05,
            "count": 169
        },
        "CollectVegetableRed.Policy.LearningRate.sum": {
            "value": 0.0003596091603909801,
            "min": 0.00028899118767559,
            "max": 0.00049709168290832,
            "count": 169
        },
        "CollectVegetableRed.Policy.Epsilon.mean": {
            "value": 0.17192180399999998,
            "min": 0.17192180399999998,
            "max": 0.19990048,
            "count": 169
        },
        "CollectVegetableRed.Policy.Epsilon.sum": {
            "value": 0.85960902,
            "min": 0.6889910766666667,
            "max": 0.9970916799999998,
            "count": 169
        },
        "CollectVegetableRed.Policy.Beta.mean": {
            "value": 0.003598898019600001,
            "min": 0.003598898019600001,
            "max": 0.004995033951999999,
            "count": 169
        },
        "CollectVegetableRed.Policy.Beta.sum": {
            "value": 0.017994490098000006,
            "min": 0.014460654725666666,
            "max": 0.024854874832,
            "count": 169
        },
        "CollectVegetableRed.Losses.CuriosityForwardLoss.mean": {
            "value": 0.26832065721352893,
            "min": 0.05787928183045652,
            "max": 0.5624043013486598,
            "count": 169
        },
        "CollectVegetableRed.Losses.CuriosityForwardLoss.sum": {
            "value": 1.3416032860676448,
            "min": 0.23151712732182608,
            "max": 2.2496172053946393,
            "count": 169
        },
        "CollectVegetableRed.Losses.CuriosityInverseLoss.mean": {
            "value": 5.281741530100504,
            "min": 2.9708605382177566,
            "max": 5.360771344502767,
            "count": 169
        },
        "CollectVegetableRed.Losses.CuriosityInverseLoss.sum": {
            "value": 26.40870765050252,
            "min": 11.883442152871027,
            "max": 26.803856722513835,
            "count": 169
        },
        "CollectVegetableRed.Environment.EpisodeLength.mean": {
            "value": 597.074074074074,
            "min": 578.7123287671233,
            "max": 603.0,
            "count": 169
        },
        "CollectVegetableRed.Environment.EpisodeLength.sum": {
            "value": 48363.0,
            "min": 28896.0,
            "max": 58023.0,
            "count": 169
        },
        "CollectVegetableRed.Environment.CumulativeReward.mean": {
            "value": -0.00886750082268177,
            "min": -0.01105324635181553,
            "max": 0.0028053747492334602,
            "count": 169
        },
        "CollectVegetableRed.Environment.CumulativeReward.sum": {
            "value": -0.7182675666372234,
            "min": -0.9684679472463813,
            "max": 0.2047923566940426,
            "count": 169
        },
        "CollectVegetableRed.Policy.ExtrinsicReward.mean": {
            "value": -0.00886750082268177,
            "min": -0.01105324635181553,
            "max": 0.0028053747492334602,
            "count": 169
        },
        "CollectVegetableRed.Policy.ExtrinsicReward.sum": {
            "value": -0.7182675666372234,
            "min": -0.9684679472463813,
            "max": 0.2047923566940426,
            "count": 169
        },
        "CollectVegetableRed.Policy.CuriosityReward.mean": {
            "value": 3.2494840937793072,
            "min": 0.8762852426249689,
            "max": 7.525410767676214,
            "count": 169
        },
        "CollectVegetableRed.Policy.CuriosityReward.sum": {
            "value": 263.2082115961239,
            "min": 46.53338052518666,
            "max": 673.6450716666877,
            "count": 169
        },
        "CollectVegetableRed.IsTraining.mean": {
            "value": 1.0,
            "min": 1.0,
            "max": 1.0,
            "count": 169
        },
        "CollectVegetableRed.IsTraining.sum": {
            "value": 1.0,
            "min": 1.0,
            "max": 1.0,
            "count": 169
        }
    },
    "metadata": {
        "timer_format_version": "0.1.0",
        "start_time_seconds": "1712974504",
        "python_version": "3.8.0 (tags/v3.8.0:fa919fd, Oct 14 2019, 19:37:50) [MSC v.1916 64 bit (AMD64)]",
        "command_line_arguments": "C:\\Users\\CIT\\Documents\\TA Game\\mlagents\\venv3.8\\Scripts\\mlagents-learn config\\defaultConfig-30M-finetune.yaml --run-id=simpleEnv5-7 --env=env-5.6\\GardenFrenzy --base-port=5012 --force",
        "mlagents_version": "0.29.0",
        "mlagents_envs_version": "0.29.0",
        "communication_protocol_version": "1.5.0",
        "pytorch_version": "2.2.2+cpu",
        "numpy_version": "1.21.2",
        "end_time_seconds": "1712985692"
    },
    "total": 11188.128392999999,
    "count": 1,
    "self": 0.7431575999980851,
    "children": {
        "run_training.setup": {
            "total": 0.08046020000000009,
            "count": 1,
            "self": 0.08046020000000009
        },
        "TrainerController.start_learning": {
            "total": 11187.3047752,
            "count": 1,
            "self": 4.516885299684873,
            "children": {
                "TrainerController._reset_env": {
                    "total": 3.1496744999999997,
                    "count": 1,