{
    "name": "root",
    "gauges": {
        "CollectVegetableRed.Policy.Entropy.mean": {
            "value": 4.008354187011719,
            "min": 3.8752200603485107,
            "max": 4.010809898376465,
            "count": 113
        },
        "CollectVegetableRed.Policy.Entropy.sum": {
            "value": 200289.453125,
            "min": 11969.3642578125,
            "max": 203638.34375,
            "count": 113
        },
        "CollectVegetableRed.Step.mean": {
            "value": 14099940.0,
            "min": 8499975.0,
            "max": 14099940.0,
            "count": 113
        },
        "CollectVegetableRed.Step.sum": {
            "value": 14099940.0,
            "min": 8499975.0,
            "max": 14099940.0,
            "count": 113
        },
        "CollectVegetableRed.Policy.ExtrinsicValueEstimate.mean": {
            "value": -0.0014189041685312986,
            "min": -0.004106923006474972,
            "max": 0.002230628626421094,
            "count": 113
        },
        "CollectVegetableRed.Policy.ExtrinsicValueEstimate.sum": {
            "value": -1.1776905059814453,
            "min": -3.4087462425231934,
            "max": 1.8670361042022705,
            "count": 113
        },
        "CollectVegetableRed.Policy.CuriosityValueEstimate.mean": {
            "value": 0.5902622938156128,
            "min": 0.5121175646781921,
            "max": 0.6423817276954651,
            "count": 113
        },
        "CollectVegetableRed.Policy.CuriosityValueEstimate.sum": {
            "value": 489.9176940917969,
            "min": 11.241013526916504,
            "max": 531.89208984375,
            "count": 113
        },
        "CollectVegetableRed.IsTraining.mean": {
            "value": 1.0,
            "min": 1.0,
            "max": 1.0,
            "count": 113
        },
        "CollectVegetableRed.IsTraining.sum": {
            "value": 1.0,
            "min": 1.0,
            "max": 1.0,
            "count": 113
        },
        "CollectVegetableRed.Losses.PolicyLoss.mean": {
            "value": 0.023822569111556124,
            "min": 0.020685394929752524,
            "max": 0.02783551121899632,
            "count": 112
        },
        "CollectVegetableRed.Losses.PolicyLoss.sum": {
            "value": 0.11911284555778062,
            "min": 0.0835321178737407,
            "max": 0.1391775560949816,
            "count": 112
        },
        "CollectVegetableRed.Losses.ValueLoss.mean": {
            "value": 0.0004250281160542121,
            "min": 0.00037953930125998644,
            "max": 0.0007412058461341075,
            "count": 112
        },
        "CollectVegetableRed.Losses.ValueLoss.sum": {
            "value": 0.0021251405802710606,
            "min": 0.0015181572050399458,
            "max": 0.0035948978536797576,
            "count": 112
        },
        "CollectVegetableRed.Policy.LearningRate.mean": {
            "value": 5.3076152923894005e-05,
            "min": 5.3076152923894005e-05,
            "max": 7.157173842829e-05,
            "count": 112
        },
        "CollectVegetableRed.Policy.LearningRate.sum": {
            "value": 0.00026538076461947,
            "min": 0.00021566915433103004,
            "max": 0.00035622102377912,
            "count": 112
        },
        "CollectVegetableRed.Policy.Epsilon.mean": {
            "value": 0.153076106,
            "min": 0.153076106,
            "max": 0.17157171,
            "count": 112
        },
        "CollectVegetableRed.Policy.Epsilon.sum": {
            "value": 0.76538053,
            "min": 0.6156689700000002,
            "max": 0.85622088,
            "count": 112
        },
        "CollectVegetableRed.Policy.Beta.mean": {
            "value": 0.0026584976894000007,
            "min": 0.0026584976894000007,
            "max": 0.003581428329,
            "count": 112
        },
        "CollectVegetableRed.Policy.Beta.sum": {
            "value": 0.013292488447000003,
            "min": 0.010801881603,
            "max": 0.017825421912000004,
            "count": 112
        },
        "CollectVegetableRed.Losses.CuriosityForwardLoss.mean": {
            "value": 0.2658415821194649,
            "min": 0.2434344720388904,
            "max": 0.30265268733104067,
            "count": 112
        },
        "CollectVegetableRed.Losses.CuriosityForwardLoss.sum": {
            "value": 1.3292079105973245,
            "min": 0.9759265021317536,
            "max": 1.5013535747925442,
            "count": 112
        },
        "CollectVegetableRed.Losses.CuriosityInverseLoss.mean": {
            "value": 6.311023406982422,
            "min": 4.943468938271204,
            "max": 6.450548839569092,
            "count": 112
        },
        "CollectVegetableRed.Losses.CuriosityInverseLoss.sum": {
            "value": 31.555117034912108,
            "min": 19.773875753084816,
            "max": 32.25274419784546,
            "count": 112
        },
        "CollectVegetableRed.Environment.EpisodeLength.mean": {
            "value": 602.3411764705883,
            "min": 581.375,
            "max": 603.0,
            "count": 112
        },
        "CollectVegetableRed.Environment.EpisodeLength.sum": {
            "value": 51199.0,
            "min": 28944.0,
            "max": 58229.0,
            "count": 112
        },
        "CollectVegetableRed.Environment.CumulativeReward.mean": {
            "value": -0.008909440786074436,
            "min": -0.011181596231141665,
            "max": 0.0007797560650440824,
            "count": 112
        },
        "CollectVegetableRed.Environment.CumulativeReward.sum": {
            "value": -0.7573024668163271,
            "min": -1.0398884494961749,
            "max": 0.04522585177255678,
            "count": 112
        },
        "CollectVegetableRed.Policy.ExtrinsicReward.mean": {
            "value": -0.008909440786074436,
            "min": -0.011181596231141665,
            "max": 0.0007797560650440824,
            "count": 112
        },
        "CollectVegetableRed.Policy.ExtrinsicReward.sum": {
            "value": -0.7573024668163271,
            "min": -1.0398884494961749,
            "max": 0.04522585177255678,
            "count": 112
        },
        "CollectVegetableRed.Policy.CuriosityReward.mean": {
            "value": 3.385464744434199,
            "min": 1.8596646099467762,
            "max": 3.6956922449813834,
            "count": 112
        },
        "CollectVegetableRed.Policy.CuriosityReward.sum": {
            "value": 287.7645032769069,
            "min": 89.26390127744526,
            "max": 330.4045238401741,
            "count": 112
        }
    },
    "metadata": {
        "timer_format_version": "0.1.0",
        "start_time_seconds": "1712987152",
        "python_version": "3.8.0 (tags/v3.8.0:fa919fd, Oct 14 2019, 19:37:50) [MSC v.1916 64 bit (AMD64)]",
        "command_line_arguments": "C:\\Users\\CIT\\Documents\\TA Game\\mlagents\\venv3.8\\Scripts\\mlagents-learn config\\defaultConfig-30M-finetune.yaml --run-id=simpleEnv5-7 --env=env-5.6\\GardenFrenzy --base-port=5012 --resume",
        "mlagents_version": "0.29.0",
        "mlagents_envs_version": "0.29.0",
        "communication_protocol_version": "1.5.0",
        "pytorch_version": "2.2.2+cpu",
        "numpy_version": "1.21.2",
        "end_time_seconds": "1712995504"
    },
    "total": 8352.0132041,
    "count": 1,
    "self": 4.869846300000063,
    "children": {
        "run_training.setup": {
            "total": 0.14000630000000003,
            "count": 1,
            "self": 0.14000630000000003
        },
        "TrainerController.start_learning": {
            "total": 8347.0033515,
            "count": 1,
            "self": 3.824878099876514,
            "children": {
                "TrainerController._reset_env": {
                    "total": 9.9312573,
                    "count": 1,
                    "self": 9.9312573
                },