{
    "name": "root",
    "gauges": {
        "CollectVegetableRed.Policy.Entropy.mean": {
            "value": 3.3238673210144043,
            "min": 3.3121185302734375,
            "max": 3.5842134952545166,
            "count": 300
        },
        "CollectVegetableRed.Policy.Entropy.sum": {
            "value": 166352.90625,
            "min": 165159.625,
            "max": 179382.71875,
            "count": 300
        },
        "CollectVegetableRed.Step.mean": {
            "value": 14999981.0,
            "min": 49936.0,
            "max": 14999981.0,
            "count": 300
        },
        "CollectVegetableRed.Step.sum": {
            "value": 14999981.0,
            "min": 49936.0,
            "max": 14999981.0,
            "count": 300
        },
        "CollectVegetableRed.Policy.ExtrinsicValueEstimate.mean": {
            "value": 0.0004813692648895085,
            "min": -0.06595106422901154,
            "max": 0.05928784981369972,
            "count": 300
        },
        "CollectVegetableRed.Policy.ExtrinsicValueEstimate.sum": {
            "value": 0.3846140503883362,
            "min": -52.69490051269531,
            "max": 47.311702728271484,
            "count": 300
        },
        "CollectVegetableRed.Policy.CuriosityValueEstimate.mean": {
            "value": 0.2525201141834259,
            "min": -0.3801072835922241,
            "max": 2.476529598236084,
            "count": 300
        },
        "CollectVegetableRed.Policy.CuriosityValueEstimate.sum": {
            "value": 201.76356506347656,
            "min": -304.0858154296875,
            "max": 1978.7470703125,
            "count": 300
        },
        "CollectVegetableRed.Losses.PolicyLoss.mean": {
            "value": 0.0240034502982356,
            "min": 0.019686287172074247,
            "max": 0.02838853068515715,
            "count": 300
        },
        "CollectVegetableRed.Losses.PolicyLoss.sum": {
            "value": 0.12001725149117799,
            "min": 0.07874514868829699,
            "max": 0.13568302368124602,
            "count": 300
        },
        "CollectVegetableRed.Losses.ValueLoss.mean": {
            "value": 0.00037293877869766826,
            "min": 0.00018314560229555356,
            "max": 1.401190011722572,
            "count": 300
        },
        "CollectVegetableRed.Losses.ValueLoss.sum": {
            "value": 0.0018646938934883412,
            "min": 0.0007325824091822142,
            "max": 5.604760046890288,
            "count": 300
        },
        "CollectVegetableRed.Policy.LearningRate.mean": {
            "value": 0.00015028481590507802,
            "min": 0.00015028481590507802,
            "max": 0.0002997230800923067,
            "count": 300
        },
        "CollectVegetableRed.Policy.LearningRate.sum": {
            "value": 0.0007514240795253901,
            "min": 0.0006030624789792399,
            "max": 0.0014961412812862398,
            "count": 300
        },
        "CollectVegetableRed.Policy.Epsilon.mean": {
            "value": 0.150094922,
            "min": 0.150094922,
            "max": 0.19990769333333336,
            "count": 300
        },
        "CollectVegetableRed.Policy.Epsilon.sum": {
            "value": 0.7504746099999999,
            "min": 0.6010207600000002,
            "max": 0.9987137600000002,
            "count": 300
        },
        "CollectVegetableRed.Policy.Beta.mean": {
            "value": 0.0025097366078000003,
            "min": 0.0025097366078000003,
            "max": 0.004995393897333333,
            "count": 300
        },
        "CollectVegetableRed.Policy.Beta.sum": {
            "value": 0.012548683039,
            "min": 0.010070935924000003,
            "max": 0.024935816624,
            "count": 300
        },
        "CollectVegetableRed.Losses.CuriosityForwardLoss.mean": {
            "value": 0.11371155922611556,
            "min": 0.06259191535413265,
            "max": 1.9601268290344513,
            "count": 300
        },
        "CollectVegetableRed.Losses.CuriosityForwardLoss.sum": {
            "value": 0.5685577961305778,
            "min": 0.251288883038091,
            "max": 7.840507316137805,
            "count": 300
        },
        "CollectVegetableRed.Losses.CuriosityInverseLoss.mean": {
            "value": 3.3125004593531293,
            "min": 3.069288888663957,
            "max": 3.9115322190703767,
            "count": 300
        },
        "CollectVegetableRed.Losses.CuriosityInverseLoss.sum": {
            "value": 16.562502296765647,
            "min": 12.277155554655828,
            "max": 19.338657915230954,
            "count": 300
        },
        "CollectVegetableRed.Environment.EpisodeLength.mean": {
            "value": 999.0,
            "min": 980.4897959183673,
            "max": 999.3333333333334,
            "count": 300
        },
        "CollectVegetableRed.Environment.EpisodeLength.sum": {
            "value": 47952.0,
            "min": 47952.0,
            "max": 63936.0,
            "count": 300
        },
        "CollectVegetableRed.Environment.CumulativeReward.mean": {
            "value": -0.0117632213371337,
            "min": -0.03258990397311893,
            "max": 0.029695410025270874,
            "count": 300
        },
        "CollectVegetableRed.Environment.CumulativeReward.sum": {
            "value": -0.5646346241824176,
            "min": -1.5643153907097087,
            "max": 1.425379681213002,
            "count": 300
        },
        "CollectVegetableRed.Policy.ExtrinsicReward.mean": {
            "value": -0.0117632213371337,
            "min": -0.03258990397311893,
            "max": 0.029695410025270874,
            "count": 300
        },
        "CollectVegetableRed.Policy.ExtrinsicReward.sum": {
            "value": -0.5646346241824176,
            "min": -1.5643153907097087,
            "max": 1.425379681213002,
            "count": 300
        },
        "CollectVegetableRed.Policy.CuriosityReward.mean": {
            "value": 2.624887090816628,
            "min": 1.3296995031026502,
            "max": 8.526993341743946,
            "count": 300
        },
        "CollectVegetableRed.Policy.CuriosityReward.sum": {
            "value": 125.99458035919815,
            "min": 63.82557614892721,
            "max": 409.2956804037094,
            "count": 300
        },
        "CollectVegetableRed.IsTraining.mean": {
            "value": 1.0,
            "min": 1.0,
            "max": 1.0,
            "count": 300
        },
        "CollectVegetableRed.IsTraining.sum": {
            "value": 1.0,
            "min": 1.0,
            "max": 1.0,
            "count": 300
        }
    },
    "metadata": {
        "timer_format_version": "0.1.0",
        "start_time_seconds": "1714740924",
        "python_version": "3.8.0 (tags/v3.8.0:fa919fd, Oct 14 2019, 19:37:50) [MSC v.1916 64 bit (AMD64)]",
        "command_line_arguments": "C:\\Users\\CIT\\Documents\\TA Game\\mlagents\\venv3.8\\Scripts\\mlagents-learn config\\defaultConfig-30M.yaml --run-id=Level1Env2 --env=level1_1\\GardenFrenzy --base-port=5012 --force",
        "mlagents_version": "0.29.0",
        "mlagents_envs_version": "0.29.0",
        "communication_protocol_version": "1.5.0",
        "pytorch_version": "2.2.2+cpu",
        "numpy_version": "1.21.2",
        "end_time_seconds": "1714874748"
    },
    "total": 133822.9439055,
    "count": 1,
    "self": 5.893956900021294,
    "children": {
        "run_training.setup": {
            "total": 0.07424069999999983,
            "count": 1,
            "self": 0.07424069999999983
        },
        "TrainerController.start_learning": {
            "total": 133816.97570789998,
            "count": 1,
            "self": 19.753168903436745,
            "children": {
                "TrainerController._reset_env": {
                    "total": 5.2737274,
                    "count": 1,
                    "self": 5.2737274
                },