{
    "name": "root",
    "gauges": {
        "CollectVegetableRed.Policy.Entropy.mean": {
            "value": 3.3989248275756836,
            "min": 3.339489459991455,
            "max": 3.5028913021087646,
            "count": 9
        },
        "CollectVegetableRed.Policy.Entropy.sum": {
            "value": 170109.390625,
            "min": 43043.52734375,
            "max": 173858.546875,
            "count": 9
        },
        "CollectVegetableRed.Step.mean": {
            "value": 499936.0,
            "min": 99984.0,
            "max": 499936.0,
            "count": 9
        },
        "CollectVegetableRed.Step.sum": {
            "value": 499936.0,
            "min": 99984.0,
            "max": 499936.0,
            "count": 9
        },
        "CollectVegetableRed.Policy.ExtrinsicValueEstimate.mean": {
            "value": 0.0054588220082223415,
            "min": 0.004444675985723734,
            "max": 0.03327148035168648,
            "count": 9
        },
        "CollectVegetableRed.Policy.ExtrinsicValueEstimate.sum": {
            "value": 4.361598968505859,
            "min": 3.5690746307373047,
            "max": 26.583911895751953,
            "count": 9
        },
        "CollectVegetableRed.Policy.CuriosityValueEstimate.mean": {
            "value": 0.21887421607971191,
            "min": 0.14424394071102142,
            "max": 0.3839966654777527,
            "count": 9
        },
        "CollectVegetableRed.Policy.CuriosityValueEstimate.sum": {
            "value": 174.8804931640625,
            "min": 26.540884017944336,
            "max": 306.8133239746094,
            "count": 9
        },
        "CollectVegetableRed.Losses.PolicyLoss.mean": {
            "value": 0.024076553022517176,
            "min": 0.020636199252693947,
            "max": 0.025245496629257545,
            "count": 9
        },
        "CollectVegetableRed.Losses.PolicyLoss.sum": {
            "value": 0.12038276511258587,
            "min": 0.025245496629257545,
            "max": 0.12456887441137841,
            "count": 9
        },
        "CollectVegetableRed.Losses.ValueLoss.mean": {
            "value": 0.00018380932842388355,
            "min": 0.00018380932842388355,
            "max": 0.0007465652748060442,
            "count": 9
        },
        "CollectVegetableRed.Losses.ValueLoss.sum": {
            "value": 0.0009190466421194177,
            "min": 0.0002449777636105533,
            "max": 0.0037328263740302207,
            "count": 9
        },
        "CollectVegetableRed.Policy.LearningRate.mean": {
            "value": 1.595913468032e-05,
            "min": 1.595913468032e-05,
            "max": 0.0002403168198944,
            "count": 9
        },
        "CollectVegetableRed.Policy.LearningRate.sum": {
            "value": 7.97956734016e-05,
            "min": 7.97956734016e-05,
            "max": 0.000970752176416,
            "count": 9
        },
        "CollectVegetableRed.Policy.Epsilon.mean": {
            "value": 0.10531967999999998,
            "min": 0.10531967999999998,
            "max": 0.1801056,
            "count": 9
        },
        "CollectVegetableRed.Policy.Epsilon.sum": {
            "value": 0.5265983999999999,
            "min": 0.1801056,
            "max": 0.8235840000000001,
            "count": 9
        },
        "CollectVegetableRed.Policy.Beta.mean": {
            "value": 0.000275452032,
            "min": 0.000275452032,
            "max": 0.00400726944,
            "count": 9
        },
        "CollectVegetableRed.Policy.Beta.sum": {
            "value": 0.0013772601600000002,
            "min": 0.0013772601600000002,
            "max": 0.016196841600000005,
            "count": 9
        },
        "CollectVegetableRed.Losses.CuriosityForwardLoss.mean": {
            "value": 0.06946837846302625,
            "min": 0.06946837846302625,
            "max": 0.11005894629341184,
            "count": 9
        },
        "CollectVegetableRed.Losses.CuriosityForwardLoss.sum": {
            "value": 0.34734189231513124,
            "min": 0.0902678117607579,
            "max": 0.5502947314670592,
            "count": 9
        },
        "CollectVegetableRed.Losses.CuriosityInverseLoss.mean": {
            "value": 2.4854618628819782,
            "min": 2.3668322478279924,
            "max": 4.035194671515263,
            "count": 9
        },
        "CollectVegetableRed.Losses.CuriosityInverseLoss.sum": {
            "value": 12.427309314409891,
            "min": 4.035194671515263,
            "max": 17.02786553845261,
            "count": 9
        },
        "CollectVegetableRed.IsTraining.mean": {
            "value": 1.0,
            "min": 1.0,
            "max": 1.0,
            "count": 9
        },
        "CollectVegetableRed.IsTraining.sum": {
            "value": 1.0,
            "min": 1.0,
            "max": 1.0,
            "count": 9
        },
        "CollectVegetableRed.Environment.EpisodeLength.mean": {
            "value": 999.0,
            "min": 999.0,
            "max": 999.3333333333334,
            "count": 8
        },
        "CollectVegetableRed.Environment.EpisodeLength.sum": {
            "value": 47952.0,
            "min": 47952.0,
            "max": 63936.0,
            "count": 8
        },
        "CollectVegetableRed.Environment.CumulativeReward.mean": {
            "value": 0.05791667033918202,
            "min": 0.014583334171523651,
            "max": 0.07291667105164379,
            "count": 8
        },
        "CollectVegetableRed.Environment.CumulativeReward.sum": {
            "value": 2.780000176280737,
            "min": 0.7000000402331352,
            "max": 3.500000210478902,
            "count": 8
        },
        "CollectVegetableRed.Policy.ExtrinsicReward.mean": {
            "value": 0.05791667033918202,
            "min": 0.014583334171523651,
            "max": 0.07291667105164379,
            "count": 8
        },
        "CollectVegetableRed.Policy.ExtrinsicReward.sum": {
            "value": 2.780000176280737,
            "min": 0.7000000402331352,
            "max": 3.500000210478902,
            "count": 8
        },
        "CollectVegetableRed.Policy.CuriosityReward.mean": {
            "value": 1.570662143252169,
            "min": 1.570662143252169,
            "max": 2.8111467650936297,
            "count": 8
        },
        "CollectVegetableRed.Policy.CuriosityReward.sum": {
            "value": 75.39178287610412,
            "min": 75.39178287610412,
            "max": 150.9873398821801,
            "count": 8
        }
    },
    "metadata": {
        "timer_format_version": "0.1.0",
        "start_time_seconds": "1712776542",
        "python_version": "3.8.0 (tags/v3.8.0:fa919fd, Oct 14 2019, 19:37:50) [MSC v.1916 64 bit (AMD64)]",
        "command_line_arguments": "C:\\Users\\CIT\\Documents\\TA Game\\mlagents\\venv3.8\\Scripts\\mlagents-learn config\\defaultConfig.yaml --run-id=simple-1 --resume",
        "mlagents_version": "0.29.0",
        "mlagents_envs_version": "0.29.0",
        "communication_protocol_version": "1.5.0",
        "pytorch_version": "2.2.2+cpu",
        "numpy_version": "1.21.2",
        "end_time_seconds": "1712777035"
    },
    "total": 492.72806290000005,
    "count": 1,
    "self": 0.00887070000010226,
    "children": {
        "run_training.setup": {
            "total": 0.07677549999999989,
            "count": 1,
            "self": 0.07677549999999989
        },
        "TrainerController.start_learning": {
            "total": 492.64241669999996,
            "count": 1,
            "self": 0.4627967999985003,
            "children": {
                "TrainerController._reset_env": {
                    "total": 9.449463399999999,
                    "count": 1,
                    "self": 9.449463399999999
                },
                "TrainerController.advance": {
                    "total": 482.6614203000015,
                    "count": 25794,