{
    "name": "root",
    "gauges": {
        "CollectVegetableRed.Policy.Entropy.mean": {
            "value": 4.1430983543396,
            "min": 3.459444761276245,
            "max": 4.199533939361572,
            "count": 140
        },
        "CollectVegetableRed.Policy.Entropy.sum": {
            "value": 208252.84375,
            "min": 172350.078125,
            "max": 209766.71875,
            "count": 140
        },
        "CollectVegetableRed.Environment.LessonNumber.lesson_num.mean": {
            "value": 0.0,
            "min": 0.0,
            "max": 0.0,
            "count": 140
        },
        "CollectVegetableRed.Environment.LessonNumber.lesson_num.sum": {
            "value": 0.0,
            "min": 0.0,
            "max": 0.0,
            "count": 140
        },
        "CollectVegetableRed.Step.mean": {
            "value": 6999986.0,
            "min": 49967.0,
            "max": 6999986.0,
            "count": 140
        },
        "CollectVegetableRed.Step.sum": {
            "value": 6999986.0,
            "min": 49967.0,
            "max": 6999986.0,
            "count": 140
        },
        "CollectVegetableRed.Policy.ExtrinsicValueEstimate.mean": {
            "value": 0.021896645426750183,
            "min": -0.004962509963661432,
            "max": 0.07653172314167023,
            "count": 140
        },
        "CollectVegetableRed.Policy.ExtrinsicValueEstimate.sum": {
            "value": 18.239906311035156,
            "min": -4.1089582443237305,
            "max": 63.36826705932617,
            "count": 140
        },
        "CollectVegetableRed.Policy.CuriosityValueEstimate.mean": {
            "value": 0.7750640511512756,
            "min": 0.1174364686012268,
            "max": 3.634915590286255,
            "count": 140
        },
        "CollectVegetableRed.Policy.CuriosityValueEstimate.sum": {
            "value": 645.6283569335938,
            "min": 97.11995697021484,
            "max": 3006.0751953125,
            "count": 140
        },
        "CollectVegetableRed.Environment.EpisodeLength.mean": {
            "value": 602.3258426966293,
            "min": 595.0975609756098,
            "max": 602.4444444444445,
            "count": 140
        },
        "CollectVegetableRed.Environment.EpisodeLength.sum": {
            "value": 53607.0,
            "min": 48789.0,
            "max": 54216.0,
            "count": 140
        },
        "CollectVegetableRed.Environment.CumulativeReward.mean": {
            "value": 0.19142693434998895,
            "min": 0.007679012591122753,
            "max": 0.20001758651228668,
            "count": 140
        },
        "CollectVegetableRed.Environment.CumulativeReward.sum": {
            "value": 17.036997157149017,
            "min": 0.622000019880943,
            "max": 17.036997157149017,
            "count": 140
        },
        "CollectVegetableRed.Policy.ExtrinsicReward.mean": {
            "value": 0.19142693434998895,
            "min": 0.007679012591122753,
            "max": 0.20001758651228668,
            "count": 140
        },
        "CollectVegetableRed.Policy.ExtrinsicReward.sum": {
            "value": 17.036997157149017,
            "min": 0.622000019880943,
            "max": 17.036997157149017,
            "count": 140
        },
        "CollectVegetableRed.Policy.CuriosityReward.mean": {
            "value": 7.540888557775637,
            "min": 0.5278281324807509,
            "max": 7.57467407978526,
            "count": 140
        },
        "CollectVegetableRed.Policy.CuriosityReward.sum": {
            "value": 671.1390816420317,
            "min": 42.75407873094082,
            "max": 671.1390816420317,
            "count": 140
        },
        "CollectVegetableRed.Losses.PolicyLoss.mean": {
            "value": 0.025178189863569667,
            "min": 0.019192186461101903,
            "max": 0.02678875143174082,
            "count": 140
        },
        "CollectVegetableRed.Losses.PolicyLoss.sum": {
            "value": 0.12589094931784833,
            "min": 0.07788846646241533,
            "max": 0.13366958791775688,
            "count": 140
        },
        "CollectVegetableRed.Losses.ValueLoss.mean": {
            "value": 0.04178556189561884,
            "min": 0.0011314470212285717,
            "max": 3.0056093788146976,
            "count": 140
        },
        "CollectVegetableRed.Losses.ValueLoss.sum": {
            "value": 0.2089278094780942,
            "min": 0.005657235106142858,
            "max": 15.028046894073489,
            "count": 140
        },
        "CollectVegetableRed.Policy.LearningRate.mean": {
            "value": 0.0002302605552464894,
            "min": 0.0002302605552464894,
            "max": 0.0002997395400868199,
            "count": 140
        },
        "CollectVegetableRed.Policy.LearningRate.sum": {
            "value": 0.001151302776232447,
            "min": 0.0009270105009965299,
            "max": 0.0014963838012053998,
            "count": 140
        },
        "CollectVegetableRed.Policy.Epsilon.mean": {
            "value": 0.1767535106666667,
            "min": 0.1767535106666667,
            "max": 0.19991318000000005,
            "count": 140
        },
        "CollectVegetableRed.Policy.Epsilon.sum": {
            "value": 0.8837675533333335,
            "min": 0.7090034700000002,
            "max": 0.9987946000000001,
            "count": 140
        },
        "CollectVegetableRed.Policy.Beta.mean": {
            "value": 0.0038400001822666667,
            "min": 0.0038400001822666667,
            "max": 0.004995667682,
            "count": 140
        },
        "CollectVegetableRed.Policy.Beta.sum": {
            "value": 0.019200000911333334,
            "min": 0.015459273153,
            "max": 0.024939850540000006,
            "count": 140
        },
        "CollectVegetableRed.Losses.CuriosityForwardLoss.mean": {
            "value": 0.5361255691448847,
            "min": 0.041798948471744854,
            "max": 0.5361255691448847,
            "count": 140
        },
        "CollectVegetableRed.Losses.CuriosityForwardLoss.sum": {
            "value": 2.6806278457244237,
            "min": 0.1788114467014869,
            "max": 2.6806278457244237,
            "count": 140
        },
        "CollectVegetableRed.Losses.CuriosityInverseLoss.mean": {
            "value": 6.452753613789876,
            "min": 3.0690948343276974,
            "max": 6.452753613789876,
            "count": 140
        },
        "CollectVegetableRed.Losses.CuriosityInverseLoss.sum": {
            "value": 32.26376806894938,
            "min": 12.58666381041209,
            "max": 32.26376806894938,
            "count": 140
        },
        "CollectVegetableRed.IsTraining.mean": {
            "value": 1.0,
            "min": 1.0,
            "max": 1.0,
            "count": 140
        },
        "CollectVegetableRed.IsTraining.sum": {
            "value": 1.0,
            "min": 1.0,
            "max": 1.0,
            "count": 140
        }
    },
    "metadata": {
        "timer_format_version": "0.1.0",
        "start_time_seconds": "1714904409",
        "python_version": "3.8.0 (tags/v3.8.0:fa919fd, Oct 14 2019, 19:37:50) [MSC v.1916 64 bit (AMD64)]",
        "command_line_arguments": "C:\\Users\\CIT\\Documents\\TA Game\\mlagents\\venv3.8\\Scripts\\mlagents-learn config\\defaultConfig-30M-2layer.yaml --run-id=Level1_Academy2_L2_H --env=level1-academy2-H --base-port=5013 --force",
        "mlagents_version": "0.29.0",
        "mlagents_envs_version": "0.29.0",
        "communication_protocol_version": "1.5.0",
        "pytorch_version": "2.2.2+cpu",
        "numpy_version": "1.21.2",
        "end_time_seconds": "1714971145"
    },
    "total": 66735.619798,
    "count": 1,
    "self": 5.318283200002043,
    "children": {
        "run_training.setup": {
            "total": 0.08067069999999998,
            "count": 1,
            "self": 0.08067069999999998
        },