{
    "name": "root",
    "gauges": {
        "CollectVegetableRed.Policy.Entropy.mean": {
            "value": 4.997574329376221,
            "min": 4.6273932456970215,
            "max": 5.001448631286621,
            "count": 90
        },
        "CollectVegetableRed.Policy.Entropy.sum": {
            "value": 250798.28125,
            "min": 230372.21875,
            "max": 250953.03125,
            "count": 90
        },
        "CollectVegetableRed.Environment.EpisodeLength.mean": {
            "value": 553.919540229885,
            "min": 400.8198198198198,
            "max": 577.6136363636364,
            "count": 90
        },
        "CollectVegetableRed.Environment.EpisodeLength.sum": {
            "value": 48191.0,
            "min": 44491.0,
            "max": 53303.0,
            "count": 90
        },
        "CollectVegetableRed.Step.mean": {
            "value": 4499950.0,
            "min": 49978.0,
            "max": 4499950.0,
            "count": 90
        },
        "CollectVegetableRed.Step.sum": {
            "value": 4499950.0,
            "min": 49978.0,
            "max": 4499950.0,
            "count": 90
        },
        "CollectVegetableRed.Policy.ExtrinsicValueEstimate.mean": {
            "value": -0.025798939168453217,
            "min": -0.03686918690800667,
            "max": 0.019716385751962662,
            "count": 90
        },
        "CollectVegetableRed.Policy.ExtrinsicValueEstimate.sum": {
            "value": -21.41312026977539,
            "min": -30.896377563476562,
            "max": 16.54204750061035,
            "count": 90
        },
        "CollectVegetableRed.Policy.CuriosityValueEstimate.mean": {
            "value": 3.230203151702881,
            "min": 1.786862850189209,
            "max": 3.230203151702881,
            "count": 90
        },
        "CollectVegetableRed.Policy.CuriosityValueEstimate.sum": {
            "value": 2681.068603515625,
            "min": 1499.177978515625,
            "max": 2681.068603515625,
            "count": 90
        },
        "CollectVegetableRed.Environment.CumulativeReward.mean": {
            "value": -0.11061373154409884,
            "min": -0.40036767997235706,
            "max": 0.11720458818103556,
            "count": 90
        },
        "CollectVegetableRed.Environment.CumulativeReward.sum": {
            "value": -9.6233946443366,
            "min": -36.033091197512135,
            "max": 11.368845053560449,
            "count": 90
        },
        "CollectVegetableRed.Policy.ExtrinsicReward.mean": {
            "value": -0.11061373154409884,
            "min": -0.40036767997235706,
            "max": 0.11720458818103556,
            "count": 90
        },
        "CollectVegetableRed.Policy.ExtrinsicReward.sum": {
            "value": -9.6233946443366,
            "min": -36.033091197512135,
            "max": 11.368845053560449,
            "count": 90
        },
        "CollectVegetableRed.Policy.CuriosityReward.mean": {
            "value": 17.943002944705132,
            "min": 5.670723131564152,
            "max": 19.71297991610645,
            "count": 90
        },
        "CollectVegetableRed.Policy.CuriosityReward.sum": {
            "value": 1561.0412561893463,
            "min": 629.4502676036209,
            "max": 1754.455212533474,
            "count": 90
        },
        "CollectVegetableRed.Losses.PolicyLoss.mean": {
            "value": 0.026664353233742683,
            "min": 0.02016174456686713,
            "max": 0.027706804378346227,
            "count": 90
        },
        "CollectVegetableRed.Losses.PolicyLoss.sum": {
            "value": 0.1333217661687134,
            "min": 0.08115841333249894,
            "max": 0.13853402189173114,
            "count": 90
        },
        "CollectVegetableRed.Losses.ValueLoss.mean": {
            "value": 0.01260536494354407,
            "min": 0.007218358712270856,
            "max": 0.03812020558863878,
            "count": 90
        },
        "CollectVegetableRed.Losses.ValueLoss.sum": {
            "value": 0.06302682471772035,
            "min": 0.032422001985833046,
            "max": 0.19060102794319392,
            "count": 90
        },
        "CollectVegetableRed.Policy.LearningRate.mean": {
            "value": 0.00025522685492438655,
            "min": 0.00025522685492438655,
            "max": 0.00029973642008785994,
            "count": 90
        },
        "CollectVegetableRed.Policy.LearningRate.sum": {
            "value": 0.0012761342746219328,
            "min": 0.0010309887863370899,
            "max": 0.0014963668612110463,
            "count": 90
        },
        "CollectVegetableRed.Policy.Epsilon.mean": {
            "value": 0.18507561333333336,
            "min": 0.18507561333333336,
            "max": 0.19991214000000002,
            "count": 90
        },
        "CollectVegetableRed.Policy.Epsilon.sum": {
            "value": 0.9253780666666668,
            "min": 0.7436629100000001,
            "max": 0.9987889533333335,
            "count": 90
        },
        "CollectVegetableRed.Policy.Beta.mean": {
            "value": 0.004255273105333331,
            "min": 0.004255273105333331,
            "max": 0.004995615786,
            "count": 90
        },
        "CollectVegetableRed.Policy.Beta.sum": {
            "value": 0.021276365526666657,
            "min": 0.017188779209000003,
            "max": 0.024939568771333336,
            "count": 90
        },
        "CollectVegetableRed.Losses.CuriosityForwardLoss.mean": {
            "value": 1.558247360388438,
            "min": 0.8515182346105576,
            "max": 1.6278177430232366,
            "count": 90
        },
        "CollectVegetableRed.Losses.CuriosityForwardLoss.sum": {
            "value": 7.79123680194219,
            "min": 3.4060729384422306,
            "max": 8.070250089963277,
            "count": 90
        },
        "CollectVegetableRed.Losses.CuriosityInverseLoss.mean": {
            "value": 44.27383613586425,
            "min": 19.376525767644246,
            "max": 45.0164296468099,
            "count": 90
        },
        "CollectVegetableRed.Losses.CuriosityInverseLoss.sum": {
            "value": 221.36918067932126,
            "min": 77.50610307057698,
            "max": 225.08214823404947,
            "count": 90
        },
        "CollectVegetableRed.IsTraining.mean": {
            "value": 1.0,
            "min": 1.0,
            "max": 1.0,
            "count": 90
        },
        "CollectVegetableRed.IsTraining.sum": {
            "value": 1.0,
            "min": 1.0,
            "max": 1.0,
            "count": 90
        }
    },
    "metadata": {
        "timer_format_version": "0.1.0",
        "start_time_seconds": "1713089128",
        "python_version": "3.8.0 (tags/v3.8.0:fa919fd, Oct 14 2019, 19:37:50) [MSC v.1916 64 bit (AMD64)]",
        "command_line_arguments": "C:\\Users\\CIT\\Documents\\TA Game\\mlagents\\venv3.8\\Scripts\\mlagents-learn config\\defaultConfig-30M.yaml --run-id=simpleEnv6-4 --env=env-6.4\\GardenFrenzy --initialize-from=simpleEnv6-3 --base-port=5013 --force",
        "mlagents_version": "0.29.0",
        "mlagents_envs_version": "0.29.0",
        "communication_protocol_version": "1.5.0",
        "pytorch_version": "2.2.2+cpu",
        "numpy_version": "1.21.2",
        "end_time_seconds": "1713095569"
    },
    "total": 6441.5328336,
    "count": 1,
    "self": 0.24120900000070833,
    "children": {
        "run_training.setup": {
            "total": 0.09131069999999997,
            "count": 1,
            "self": 0.09131069999999997
        },
        "TrainerController.start_learning": {
            "total": 6441.2003139,
            "count": 1,
            "self": 3.402256700092039,
            "children": {
                "TrainerController._reset_env": {
                    "total": 3.2234138000000003,
                    "count": 1,
                    "self": 3.2234138000000003
                },