{
    "name": "root",
    "gauges": {
        "CollectVegetableRed.Policy.Entropy.mean": {
            "value": 5.634636878967285,
            "min": 5.026425838470459,
            "max": 5.713775157928467,
            "count": 510
        },
        "CollectVegetableRed.Policy.Entropy.sum": {
            "value": 281754.375,
            "min": 110473.9375,
            "max": 286571.53125,
            "count": 510
        },
        "CollectVegetableRed.Environment.EpisodeLength.mean": {
            "value": 521.9072164948453,
            "min": 395.2894736842105,
            "max": 594.8372093023256,
            "count": 510
        },
        "CollectVegetableRed.Environment.EpisodeLength.sum": {
            "value": 50625.0,
            "min": 15021.0,
            "max": 54478.0,
            "count": 510
        },
        "CollectVegetableRed.Step.mean": {
            "value": 29999953.0,
            "min": 4549964.0,
            "max": 29999953.0,
            "count": 510
        },
        "CollectVegetableRed.Step.sum": {
            "value": 29999953.0,
            "min": 4549964.0,
            "max": 29999953.0,
            "count": 510
        },
        "CollectVegetableRed.Policy.ExtrinsicValueEstimate.mean": {
            "value": -0.013656632043421268,
            "min": -0.06363227963447571,
            "max": -0.002302413573488593,
            "count": 510
        },
        "CollectVegetableRed.Policy.ExtrinsicValueEstimate.sum": {
            "value": -11.41694450378418,
            "min": -52.942054748535156,
            "max": -1.9271202087402344,
            "count": 510
        },
        "CollectVegetableRed.Policy.CuriosityValueEstimate.mean": {
            "value": 9.489521980285645,
            "min": 2.6776304244995117,
            "max": 9.62535285949707,
            "count": 510
        },
        "CollectVegetableRed.Policy.CuriosityValueEstimate.sum": {
            "value": 7933.240234375,
            "min": 937.170654296875,
            "max": 8056.51416015625,
            "count": 510
        },
        "CollectVegetableRed.Environment.CumulativeReward.mean": {
            "value": 0.009014265384295643,
            "min": -0.5885317730307491,
            "max": 0.059494162490645,
            "count": 510
        },
        "CollectVegetableRed.Environment.CumulativeReward.sum": {
            "value": 0.8743837422766774,
            "min": -57.08758198398266,
            "max": 5.861226053111636,
            "count": 510
        },
        "CollectVegetableRed.Policy.ExtrinsicReward.mean": {
            "value": 0.009014265384295643,
            "min": -0.5885317730307491,
            "max": 0.059494162490645,
            "count": 510
        },
        "CollectVegetableRed.Policy.ExtrinsicReward.sum": {
            "value": 0.8743837422766774,
            "min": -57.08758198398266,
            "max": 5.861226053111636,
            "count": 510
        },
        "CollectVegetableRed.Policy.CuriosityReward.mean": {
            "value": 51.90267503630255,
            "min": 3.1442460812824335,
            "max": 55.145930379008256,
            "count": 510
        },
        "CollectVegetableRed.Policy.CuriosityReward.sum": {
            "value": 5034.559478521347,
            "min": 119.48135108873248,
            "max": 5294.009316384792,
            "count": 510
        },
        "CollectVegetableRed.Losses.PolicyLoss.mean": {
            "value": 0.026647333161963615,
            "min": 0.019687097492157288,
            "max": 0.02970271174801989,
            "count": 510
        },
        "CollectVegetableRed.Losses.PolicyLoss.sum": {
            "value": 0.13323666580981808,
            "min": 0.025133535776209706,
            "max": 0.14851355874009944,
            "count": 510
        },
        "CollectVegetableRed.Losses.ValueLoss.mean": {
            "value": 0.1136650452017784,
            "min": 0.010802473348254958,
            "max": 0.1418718186765909,
            "count": 510
        },
        "CollectVegetableRed.Losses.ValueLoss.sum": {
            "value": 0.568325226008892,
            "min": 0.029674150639524062,
            "max": 0.7093590933829546,
            "count": 510
        },
        "CollectVegetableRed.Policy.LearningRate.mean": {
            "value": 2.3453392185533226e-07,
            "min": 2.3453392185533226e-07,
            "max": 0.00025460197513267987,
            "count": 510
        },
        "CollectVegetableRed.Policy.LearningRate.sum": {
            "value": 1.1726696092766613e-06,
            "min": 1.1726696092766613e-06,
            "max": 0.00127143025618994,
            "count": 510
        },
        "CollectVegetableRed.Policy.Epsilon.mean": {
            "value": 0.10007814466666667,
            "min": 0.10007814466666667,
            "max": 0.18486732000000008,
            "count": 510
        },
        "CollectVegetableRed.Policy.Epsilon.sum": {
            "value": 0.5003907233333333,
            "min": 0.18486732000000008,
            "max": 0.9238100599999999,
            "count": 510
        },
        "CollectVegetableRed.Policy.Beta.mean": {
            "value": 1.3899418866666646e-05,
            "min": 1.3899418866666646e-05,
            "max": 0.004244879268000001,
            "count": 510
        },
        "CollectVegetableRed.Policy.Beta.sum": {
            "value": 6.949709433333323e-05,
            "min": 6.949709433333323e-05,
            "max": 0.021198121994,
            "count": 510
        },
        "CollectVegetableRed.Losses.CuriosityForwardLoss.mean": {
            "value": 4.879816726048787,
            "min": 1.3575108567873637,
            "max": 4.924619318644206,
            "count": 510
        },
        "CollectVegetableRed.Losses.CuriosityForwardLoss.sum": {
            "value": 24.399083630243936,
            "min": 1.3575108567873637,
            "max": 24.62309659322103,
            "count": 510
        },
        "CollectVegetableRed.Losses.CuriosityInverseLoss.mean": {
            "value": 244.8760486857096,
            "min": 45.13153022766113,
            "max": 250.98662389119465,
            "count": 510
        },
        "CollectVegetableRed.Losses.CuriosityInverseLoss.sum": {
            "value": 1224.380243428548,
            "min": 48.65421460469564,
            "max": 1248.1077448527017,
            "count": 510
        },
        "CollectVegetableRed.IsTraining.mean": {
            "value": 1.0,
            "min": 1.0,
            "max": 1.0,
            "count": 510
        },
        "CollectVegetableRed.IsTraining.sum": {
            "value": 1.0,
            "min": 1.0,
            "max": 1.0,
            "count": 510
        }
    },
    "metadata": {
        "timer_format_version": "0.1.0",
        "start_time_seconds": "1713096408",
        "python_version": "3.8.0 (tags/v3.8.0:fa919fd, Oct 14 2019, 19:37:50) [MSC v.1916 64 bit (AMD64)]",
        "command_line_arguments": "C:\\Users\\CIT\\Documents\\TA Game\\mlagents\\venv3.8\\Scripts\\mlagents-learn config\\defaultConfig-30M.yaml --run-id=simpleEnv6-4 --env=env-6.4\\GardenFrenzy --initialize-from=simpleEnv6-3 --base-port=5013 --resume",
        "mlagents_version": "0.29.0",
        "mlagents_envs_version": "0.29.0",
        "communication_protocol_version": "1.5.0",
        "pytorch_version": "2.2.2+cpu",
        "numpy_version": "1.21.2",
        "end_time_seconds": "1713134198"
    },
    "total": 37789.2305709,
    "count": 1,
    "self": 0.8108827999967616,
    "children": {
        "run_training.setup": {
            "total": 0.0969374999999999,
            "count": 1,
            "self": 0.0969374999999999
        },
        "TrainerController.start_learning": {
            "total": 37788.322750600004,
            "count": 1,
            "self": 19.54646210041392,
            "children": {
                "TrainerController._reset_env": {
                    "total": 3.1102911,
                    "count": 1,