{"count":1,"self":1282.5783296,"total":118140.4121737,"children":{"InitializeActuators":{"count":32,"self":0.0010042999999999999,"total":0.0010042999999999999,"children":null},"InitializeSensors":{"count":32,"self":0.0035083999999999996,"total":0.0035083999999999996,"children":null},"AgentSendState":{"count":3975601,"self":99313.025024,"total":99833.1144748,"children":{"CollectObservations":{"count":25443872,"self":74.1055232,"total":74.1055216,"children":null},"WriteActionMask":{"count":25443872,"self":10.4642272,"total":10.4642273,"children":null},"RequestDecision":{"count":25443872,"self":32.2835392,"total":435.51816099999996,"children":{"AgentInfo.ToProto":{"count":12721936,"self":21.3365728,"total":336.69576539999997,"children":{"GenerateSensorData":{"count":12721936,"self":205.5357056,"total":315.35919329999996,"children":{"RayPerceptionSensor.Perceive":{"count":12721936,"self":109.823488,"total":109.82348549999999,"children":null}}}}},"RayPerceptionSensor.Perceive":{"count":12721936,"self":66.538854399999991,"total":66.538857,"children":null}}}}},"DecideAction":{"count":3975601,"self":16718.3876096,"total":16718.3880026,"children":null},"AgentAct":{"count":3975601,"self":305.8149888,"total":305.8150007,"children":null},"AgentInfo.ToProto":{"count":12720,"self":0.035080099999999996,"total":0.4216331,"children":{"GenerateSensorData":{"count":12720,"self":0.2517737,"total":0.386553,"children":{"RayPerceptionSensor.Perceive":{"count":12720,"self":0.1347793,"total":0.1347793,"children":null}}}}},"RayPerceptionSensor.Perceive":{"count":12720,"self":0.08772569999999999,"total":0.08772569999999999,"children":null}},"gauges":{"CollectVegetableRed.CumulativeReward":{"count":25440,"max":0.3547086,"min":-0.389595449,"runningAverage":-0.00795330852,"value":-4.99995031E-06,"weightedAverage":-0.009379464}},"metadata":{"timer_format_version":"0.1.0","start_time_seconds":"1714756623","unity_version":"2022.3.10f1","command_line_arguments":"C:\\Users\\CIT\\Documents\\TA Game\\GardenFrenzy\\training\\level1_1\\GardenFrenzy.exe -nographics -batchmode --mlagents-port 5013 -logFile C:\\Users\\CIT\\Documents\\TA Game\\GardenFrenzy\\training\\results\\Level14layer\\run_logs\\Player-0.log","communication_protocol_version":"1.5.0","com.unity.ml-agents_version":"2.0.1","scene_name":"Level1 training","end_time_seconds":"1714874763"}}