{"count":1,"self":541.5866368,"total":6852.2001010999993,"children":{"InitializeActuators":{"count":72,"self":0.0020062,"total":0.0020062,"children":null},"InitializeSensors":{"count":72,"self":0.0025023999999999997,"total":0.0025023999999999997,"children":null},"AgentSendState":{"count":637501,"self":1721.0488831999999,"total":1823.4495843,"children":{"CollectObservations":{"count":9180072,"self":15.751692799999999,"total":15.751692499999999,"children":null},"WriteActionMask":{"count":9180072,"self":2.9953052,"total":2.9953051,"children":null},"RequestDecision":{"count":9180072,"self":7.7677752,"total":83.6537851,"children":{"RayPerceptionSensor.Perceive":{"count":4590036,"self":12.186631199999999,"total":12.186630899999999,"children":null},"AgentInfo.ToProto":{"count":4590036,"self":4.4794056,"total":63.699379099999994,"children":{"GenerateSensorData":{"count":4590036,"self":39.1843776,"total":59.2199734,"children":{"RayPerceptionSensor.Perceive":{"count":4590036,"self":20.0355952,"total":20.0355948,"children":null}}}}}}}}},"DecideAction":{"count":637501,"self":4428.7188992,"total":4428.7190369,"children":null},"AgentAct":{"count":637501,"self":57.785260799999996,"total":57.785261899999995,"children":null},"AgentInfo.ToProto":{"count":21183,"self":0.0983283,"total":0.5823577,"children":{"GenerateSensorData":{"count":21183,"self":0.34808819999999996,"total":0.4840294,"children":{"RayPerceptionSensor.Perceive":{"count":21183,"self":0.13594119999999998,"total":0.13594119999999998,"children":null}}}}},"RayPerceptionSensor.Perceive":{"count":21183,"self":0.0702014,"total":0.0702014,"children":null}},"gauges":{"CollectVegetableRed.CumulativeReward":{"count":21183,"max":2.050893,"min":-176.595474,"runningAverage":-2.59837127,"value":0.436035,"weightedAverage":-1.01993167},"CollectVegetableBlue.CumulativeReward":{"count":21183,"max":-3.30000075E-05,"min":-0.00150100875,"runningAverage":-0.00108216959,"value":-0.00150000874,"weightedAverage":-0.00141345011}},"metadata":{"timer_format_version":"0.1.0","start_time_seconds":"1713160901","unity_version":"2022.3.10f1","command_line_arguments":"C:\\Users\\CIT\\Documents\\TA Game\\GardenFrenzy\\training\\env-7.4\\GardenFrenzy.exe -nographics -batchmode --mlagents-port 5012 -logFile C:\\Users\\CIT\\Documents\\TA Game\\GardenFrenzy\\training\\results\\simpleEnv7-4\\run_logs\\Player-0.log","communication_protocol_version":"1.5.0","com.unity.ml-agents_version":"2.0.1","scene_name":"TrainingRL","end_time_seconds":"1713167753"}}