{
    "name": "root",
    "gauges": {
        "CollectVegetableRed.Policy.Entropy.mean": {
            "value": 3.5470902919769287,
            "min": 3.461064577102661,
            "max": 3.555854082107544,
            "count": 8
        },
        "CollectVegetableRed.Policy.Entropy.sum": {
            "value": 173935.125,
            "min": 35314.28515625,
            "max": 180189.34375,
            "count": 8
        },
        "CollectVegetableRed.Step.mean": {
            "value": 499968.0,
            "min": 149994.0,
            "max": 499968.0,
            "count": 8
        },
        "CollectVegetableRed.Step.sum": {
            "value": 499968.0,
            "min": 149994.0,
            "max": 499968.0,
            "count": 8
        },
        "CollectVegetableRed.Policy.ExtrinsicValueEstimate.mean": {
            "value": 0.005936897825449705,
            "min": -0.0062691825442016125,
            "max": 0.1283620148897171,
            "count": 8
        },
        "CollectVegetableRed.Policy.ExtrinsicValueEstimate.sum": {
            "value": 4.719833850860596,
            "min": -4.984000205993652,
            "max": 102.04779815673828,
            "count": 8
        },
        "CollectVegetableRed.Policy.CuriosityValueEstimate.mean": {
            "value": 1.0293503999710083,
            "min": 0.17117814719676971,
            "max": 1.0442339181900024,
            "count": 8
        },
        "CollectVegetableRed.Policy.CuriosityValueEstimate.sum": {
            "value": 818.3335571289062,
            "min": 22.253158569335938,
            "max": 831.210205078125,
            "count": 8
        },
        "CollectVegetableRed.IsTraining.mean": {
            "value": 1.0,
            "min": 1.0,
            "max": 1.0,
            "count": 8
        },
        "CollectVegetableRed.IsTraining.sum": {
            "value": 1.0,
            "min": 1.0,
            "max": 1.0,
            "count": 8
        },
        "CollectVegetableRed.Losses.PolicyLoss.mean": {
            "value": 0.02391864674405731,
            "min": 0.02086347788215128,
            "max": 0.025599146315609247,
            "count": 7
        },
        "CollectVegetableRed.Losses.PolicyLoss.sum": {
            "value": 0.11959323372028655,
            "min": 0.08345391152860512,
            "max": 0.12780757530832132,
            "count": 7
        },
        "CollectVegetableRed.Losses.ValueLoss.mean": {
            "value": 0.08768012984232469,
            "min": 0.06853467498898902,
            "max": 0.3781898146345736,
            "count": 7
        },
        "CollectVegetableRed.Losses.ValueLoss.sum": {
            "value": 0.43840064921162347,
            "min": 0.2741386999559561,
            "max": 1.8909490731728678,
            "count": 7
        },
        "CollectVegetableRed.Policy.LearningRate.mean": {
            "value": 1.5690094770000008e-05,
            "min": 1.5690094770000008e-05,
            "max": 0.00019429131523624,
            "count": 7
        },
        "CollectVegetableRed.Policy.LearningRate.sum": {
            "value": 7.845047385000003e-05,
            "min": 7.845047385000003e-05,
            "max": 0.0009714565761812,
            "count": 7
        },
        "CollectVegetableRed.Policy.Epsilon.mean": {
            "value": 0.10523,
            "min": 0.10523,
            "max": 0.16476375999999998,
            "count": 7
        },
        "CollectVegetableRed.Policy.Epsilon.sum": {
            "value": 0.52615,
            "min": 0.46213,
            "max": 0.8238188,
            "count": 7
        },
        "CollectVegetableRed.Policy.Beta.mean": {
            "value": 0.0002709770000000001,
            "min": 0.0002709770000000001,
            "max": 0.003241711624,
            "count": 7
        },
        "CollectVegetableRed.Policy.Beta.sum": {
            "value": 0.0013548850000000006,
            "min": 0.0013548850000000006,
            "max": 0.01620855812,
            "count": 7
        },
        "CollectVegetableRed.Losses.CuriosityForwardLoss.mean": {
            "value": 0.07733919968207677,
            "min": 0.07314975760651357,
            "max": 0.6328270123311968,
            "count": 7
        },
        "CollectVegetableRed.Losses.CuriosityForwardLoss.sum": {
            "value": 0.3866959984103838,
            "min": 0.3162166128555933,
            "max": 3.164135061655984,
            "count": 7
        },
        "CollectVegetableRed.Losses.CuriosityInverseLoss.mean": {
            "value": 2.459167807029955,
            "min": 2.4473945769396694,
            "max": 3.144988519495184,
            "count": 7
        },
        "CollectVegetableRed.Losses.CuriosityInverseLoss.sum": {
            "value": 12.295839035149775,
            "min": 9.789578307758678,
            "max": 15.72494259747592,
            "count": 7
        },
        "CollectVegetableRed.Environment.EpisodeLength.mean": {
            "value": 502.5,
            "min": 502.25,
            "max": 502.5,
            "count": 7
        },
        "CollectVegetableRed.Environment.EpisodeLength.sum": {
            "value": 52260.0,
            "min": 39182.0,
            "max": 52260.0,
            "count": 7
        },
        "CollectVegetableRed.Environment.CumulativeReward.mean": {
            "value": 0.050576926137392335,
            "min": 0.04307692555280832,
            "max": 0.05961538817232045,
            "count": 7
        },
        "CollectVegetableRed.Environment.CumulativeReward.sum": {
            "value": 5.260000318288803,
            "min": 4.480000257492065,
            "max": 6.200000369921327,
            "count": 7
        },
        "CollectVegetableRed.Policy.ExtrinsicReward.mean": {
            "value": 0.050576926137392335,
            "min": 0.04307692555280832,
            "max": 0.05961538817232045,
            "count": 7
        },
        "CollectVegetableRed.Policy.ExtrinsicReward.sum": {
            "value": 5.260000318288803,
            "min": 4.480000257492065,
            "max": 6.200000369921327,
            "count": 7
        },
        "CollectVegetableRed.Policy.CuriosityReward.mean": {
            "value": 0.787107554389737,
            "min": 0.7862675861632895,
            "max": 31.72490432801155,
            "count": 7
        },
        "CollectVegetableRed.Policy.CuriosityReward.sum": {
            "value": 81.85918565653265,
            "min": 66.04647723771632,
            "max": 3299.390050113201,
            "count": 7
        }
    },
    "metadata": {
        "timer_format_version": "0.1.0",
        "start_time_seconds": "1712777642",
        "python_version": "3.8.0 (tags/v3.8.0:fa919fd, Oct 14 2019, 19:37:50) [MSC v.1916 64 bit (AMD64)]",
        "command_line_arguments": "C:\\Users\\CIT\\Documents\\TA Game\\mlagents\\venv3.8\\Scripts\\mlagents-learn config\\defaultConfig.yaml --run-id=simple-2 --initialize-from=simple-1 --resume",
        "mlagents_version": "0.29.0",
        "mlagents_envs_version": "0.29.0",
        "communication_protocol_version": "1.5.0",
        "pytorch_version": "2.2.2+cpu",
        "numpy_version": "1.21.2",
        "end_time_seconds": "1712778046"
    },
    "total": 403.5516826,
    "count": 1,
    "self": 0.010372499999959928,
    "children": {
        "run_training.setup": {
            "total": 0.07872349999999995,
            "count": 1,
            "self": 0.07872349999999995
        },
        "TrainerController.start_learning": {
            "total": 403.4625866,
            "count": 1,
            "self": 0.24136799999706682,
            "children": {
                "TrainerController._reset_env": {
                    "total": 10.9575751,
                    "count": 1,
                    "self": 10.9575751
                },
                "TrainerController.advance": {
                    "total": 392.19202800000295,
                    "count": 13810,
                    "self": 0.23658820000349579,