{
    "name": "root",
    "gauges": {
        "CollectVegetableRed.Policy.Entropy.mean": {
            "value": 4.077702045440674,
            "min": 3.49019718170166,
            "max": 4.112457275390625,
            "count": 189
        },
        "CollectVegetableRed.Policy.Entropy.sum": {
            "value": 203314.234375,
            "min": 170743.765625,
            "max": 206231.515625,
            "count": 189
        },
        "CollectVegetableRed.Step.mean": {
            "value": 9449998.0,
            "min": 49980.0,
            "max": 9449998.0,
            "count": 189
        },
        "CollectVegetableRed.Step.sum": {
            "value": 9449998.0,
            "min": 49980.0,
            "max": 9449998.0,
            "count": 189
        },
        "CollectVegetableRed.Policy.ExtrinsicValueEstimate.mean": {
            "value": -0.004536032676696777,
            "min": -0.013507507741451263,
            "max": 0.06580188870429993,
            "count": 189
        },
        "CollectVegetableRed.Policy.ExtrinsicValueEstimate.sum": {
            "value": -3.7694432735443115,
            "min": -11.224739074707031,
            "max": 54.089149475097656,
            "count": 189
        },
        "CollectVegetableRed.Policy.CuriosityValueEstimate.mean": {
            "value": 1.136750340461731,
            "min": 0.08403366059064865,
            "max": 1.136750340461731,
            "count": 189
        },
        "CollectVegetableRed.Policy.CuriosityValueEstimate.sum": {
            "value": 944.6395263671875,
            "min": 69.07566833496094,
            "max": 944.6395263671875,
            "count": 189
        },
        "CollectVegetableRed.Losses.PolicyLoss.mean": {
            "value": 0.022190646768237156,
            "min": 0.018501833538903157,
            "max": 0.028754015219006262,
            "count": 189
        },
        "CollectVegetableRed.Losses.PolicyLoss.sum": {
            "value": 0.11095323384118577,
            "min": 0.07400733415561263,
            "max": 0.13777683024600265,
            "count": 189
        },
        "CollectVegetableRed.Losses.ValueLoss.mean": {
            "value": 0.0026367347260626652,
            "min": 0.0001926718718040678,
            "max": 0.0045248546690216775,
            "count": 189
        },
        "CollectVegetableRed.Losses.ValueLoss.sum": {
            "value": 0.013183673630313326,
            "min": 0.000963359359020339,
            "max": 0.018732237811976422,
            "count": 189
        },
        "CollectVegetableRed.Policy.LearningRate.mean": {
            "value": 0.000205742089419314,
            "min": 0.000205742089419314,
            "max": 0.00029970201009932995,
            "count": 189
        },
        "CollectVegetableRed.Policy.LearningRate.sum": {
            "value": 0.00102871044709657,
            "min": 0.00083099361300217,
            "max": 0.00148373844542052,
            "count": 189
        },
        "CollectVegetableRed.Policy.Epsilon.mean": {
            "value": 0.16858068599999998,
            "min": 0.16858068599999998,
            "max": 0.19990067000000003,
            "count": 189
        },
        "CollectVegetableRed.Policy.Epsilon.sum": {
            "value": 0.8429034299999999,
            "min": 0.6769978300000001,
            "max": 0.9945794800000001,
            "count": 189
        },
        "CollectVegetableRed.Policy.Beta.mean": {
            "value": 0.0034321762314000006,
            "min": 0.0034321762314000006,
            "max": 0.004995043433,
            "count": 189
        },
        "CollectVegetableRed.Policy.Beta.sum": {
            "value": 0.017160881157000003,
            "min": 0.013862191717,
            "max": 0.024729516052,
            "count": 189
        },
        "CollectVegetableRed.Losses.CuriosityForwardLoss.mean": {
            "value": 0.536556196808815,
            "min": 0.07956043869313417,
            "max": 0.536556196808815,
            "count": 189
        },
        "CollectVegetableRed.Losses.CuriosityForwardLoss.sum": {
            "value": 2.682780984044075,
            "min": 0.3182417547725367,
            "max": 2.682780984044075,
            "count": 189
        },
        "CollectVegetableRed.Losses.CuriosityInverseLoss.mean": {
            "value": 8.3772372341156,
            "min": 3.836593330960081,
            "max": 8.39404312133789,
            "count": 189
        },
        "CollectVegetableRed.Losses.CuriosityInverseLoss.sum": {
            "value": 41.88618617057801,
            "min": 15.346373323840323,
            "max": 41.97021560668946,
            "count": 189
        },
        "CollectVegetableRed.Environment.EpisodeLength.mean": {
            "value": 592.8275862068965,
            "min": 548.5106382978723,
            "max": 602.5,
            "count": 189
        },
        "CollectVegetableRed.Environment.EpisodeLength.sum": {
            "value": 51576.0,
            "min": 43173.0,
            "max": 65052.0,
            "count": 189
        },
        "CollectVegetableRed.Environment.CumulativeReward.mean": {
            "value": 0.03781095949204867,
            "min": 0.005800458080764443,
            "max": 0.13575538060167283,
            "count": 189
        },
        "CollectVegetableRed.Environment.CumulativeReward.sum": {
            "value": 3.2895534758082343,
            "min": 0.41763298181503994,
            "max": 11.674962731743863,
            "count": 189
        },
        "CollectVegetableRed.Policy.ExtrinsicReward.mean": {
            "value": 0.03781095949204867,
            "min": 0.005800458080764443,
            "max": 0.13575538060167283,
            "count": 189
        },
        "CollectVegetableRed.Policy.ExtrinsicReward.sum": {
            "value": 3.2895534758082343,
            "min": 0.41763298181503994,
            "max": 11.674962731743863,
            "count": 189
        },
        "CollectVegetableRed.Policy.CuriosityReward.mean": {
            "value": 6.773885806187473,
            "min": 1.0728867745363257,
            "max": 6.773885806187473,
            "count": 189
        },
        "CollectVegetableRed.Policy.CuriosityReward.sum": {
            "value": 589.3280651383102,
            "min": 77.24784776661545,
            "max": 589.3280651383102,
            "count": 189
        },
        "CollectVegetableRed.IsTraining.mean": {
            "value": 1.0,
            "min": 1.0,
            "max": 1.0,
            "count": 189
        },
        "CollectVegetableRed.IsTraining.sum": {
            "value": 1.0,
            "min": 1.0,
            "max": 1.0,
            "count": 189
        }
    },
    "metadata": {
        "timer_format_version": "0.1.0",
        "start_time_seconds": "1713067682",
        "python_version": "3.8.0 (tags/v3.8.0:fa919fd, Oct 14 2019, 19:37:50) [MSC v.1916 64 bit (AMD64)]",
        "command_line_arguments": "C:\\Users\\CIT\\Documents\\TA Game\\mlagents\\venv3.8\\Scripts\\mlagents-learn config\\defaultConfig-30M.yaml --run-id=simpleEnv6-2 --env=env-6.2\\GardenFrenzy --base-port=5013 --force",
        "mlagents_version": "0.29.0",
        "mlagents_envs_version": "0.29.0",
        "communication_protocol_version": "1.5.0",
        "pytorch_version": "2.2.2+cpu",
        "numpy_version": "1.21.2",
        "end_time_seconds": "1713081242"
    },
    "total": 13560.8289491,
    "count": 1,
    "self": 5.133119999998598,
    "children": {
        "run_training.setup": {
            "total": 0.09131409999999995,
            "count": 1,
            "self": 0.09131409999999995
        },
        "TrainerController.start_learning": {
            "total": 13555.604515,
            "count": 1,
            "self": 7.048457100157975,
            "children": {
                "TrainerController._reset_env": {
                    "total": 5.2537368,
                    "count": 1,
                    "self": 5.2537368
                },