{
    "name": "root",
    "gauges": {
        "CollectVegetableRed.Policy.Entropy.mean": {
            "value": 3.6062443256378174,
            "min": 3.5302836894989014,
            "max": 3.6062443256378174,
            "count": 10
        },
        "CollectVegetableRed.Policy.Entropy.sum": {
            "value": 181120.015625,
            "min": 177555.6875,
            "max": 181538.4375,
            "count": 10
        },
        "CollectVegetableRed.Step.mean": {
            "value": 499952.0,
            "min": 49936.0,
            "max": 499952.0,
            "count": 10
        },
        "CollectVegetableRed.Step.sum": {
            "value": 499952.0,
            "min": 49936.0,
            "max": 499952.0,
            "count": 10
        },
        "CollectVegetableRed.Policy.ExtrinsicValueEstimate.mean": {
            "value": -0.00014097813982516527,
            "min": -0.005668266676366329,
            "max": 0.018966902047395706,
            "count": 10
        },
        "CollectVegetableRed.Policy.ExtrinsicValueEstimate.sum": {
            "value": -0.11221860349178314,
            "min": -4.500603675842285,
            "max": 15.040753364562988,
            "count": 10
        },
        "CollectVegetableRed.Policy.CuriosityValueEstimate.mean": {
            "value": 0.6036259531974792,
            "min": 0.5864531397819519,
            "max": 0.8990044593811035,
            "count": 10
        },
        "CollectVegetableRed.Policy.CuriosityValueEstimate.sum": {
            "value": 480.4862365722656,
            "min": 465.643798828125,
            "max": 712.9105224609375,
            "count": 10
        },
        "CollectVegetableRed.Environment.EpisodeLength.mean": {
            "value": 502.2857142857143,
            "min": 502.2857142857143,
            "max": 502.5,
            "count": 10
        },
        "CollectVegetableRed.Environment.EpisodeLength.sum": {
            "value": 56256.0,
            "min": 48224.0,
            "max": 56256.0,
            "count": 10
        },
        "CollectVegetableRed.Environment.CumulativeReward.mean": {
            "value": 0.005089285916515759,
            "min": 0.004062500161429246,
            "max": 0.00718750028560559,
            "count": 10
        },
        "CollectVegetableRed.Environment.CumulativeReward.sum": {
            "value": 0.570000022649765,
            "min": 0.39000001549720764,
            "max": 0.7800000309944153,
            "count": 10
        },
        "CollectVegetableRed.Policy.ExtrinsicReward.mean": {
            "value": 0.005089285916515759,
            "min": 0.004062500161429246,
            "max": 0.00718750028560559,
            "count": 10
        },
        "CollectVegetableRed.Policy.ExtrinsicReward.sum": {
            "value": 0.570000022649765,
            "min": 0.39000001549720764,
            "max": 0.7800000309944153,
            "count": 10
        },
        "CollectVegetableRed.Policy.CuriosityReward.mean": {
            "value": 0.6756505808942685,
            "min": 0.6100822378502926,
            "max": 0.9266954815490559,
            "count": 10
        },
        "CollectVegetableRed.Policy.CuriosityReward.sum": {
            "value": 75.67286506015807,
            "min": 58.56789483362809,
            "max": 88.96276622870937,
            "count": 10
        },
        "CollectVegetableRed.Losses.PolicyLoss.mean": {
            "value": 0.020460197550128213,
            "min": 0.02028254187277829,
            "max": 0.025019788412610072,
            "count": 10
        },
        "CollectVegetableRed.Losses.PolicyLoss.sum": {
            "value": 0.10230098775064107,
            "min": 0.08822332675881625,
            "max": 0.12509894206305036,
            "count": 10
        },
        "CollectVegetableRed.Losses.ValueLoss.mean": {
            "value": 0.02336003421495358,
            "min": 0.02203189916132639,
            "max": 0.02992666956037283,
            "count": 10
        },
        "CollectVegetableRed.Losses.ValueLoss.sum": {
            "value": 0.11680017107476791,
            "min": 0.08812759664530556,
            "max": 0.14963334780186416,
            "count": 10
        },
        "CollectVegetableRed.Policy.LearningRate.mean": {
            "value": 1.425801524736e-05,
            "min": 1.425801524736e-05,
            "max": 0.0002833488055504,
            "count": 10
        },
        "CollectVegetableRed.Policy.LearningRate.sum": {
            "value": 7.12900762368e-05,
            "min": 7.12900762368e-05,
            "max": 0.0012672480775839999,
            "count": 10
        },
        "CollectVegetableRed.Policy.Epsilon.mean": {
            "value": 0.10475263999999998,
            "min": 0.10475263999999998,
            "max": 0.1944496,
            "count": 10
        },
        "CollectVegetableRed.Policy.Epsilon.sum": {
            "value": 0.5237631999999999,
            "min": 0.45888640000000014,
            "max": 0.9224159999999999,
            "count": 10
        },
        "CollectVegetableRed.Policy.Beta.mean": {
            "value": 0.00024715673600000004,
            "min": 0.00024715673600000004,
            "max": 0.004723035039999999,
            "count": 10
        },
        "CollectVegetableRed.Policy.Beta.sum": {
            "value": 0.0012357836800000002,
            "min": 0.0012357836800000002,
            "max": 0.021128558400000004,
            "count": 10
        },
        "CollectVegetableRed.Losses.CuriosityForwardLoss.mean": {
            "value": 0.058743891840179766,
            "min": 0.049971780429283776,
            "max": 0.11511525909105938,
            "count": 10
        },
        "CollectVegetableRed.Losses.CuriosityForwardLoss.sum": {
            "value": 0.2937194592008988,
            "min": 0.1998871217171351,
            "max": 0.4604610363642375,
            "count": 10
        },
        "CollectVegetableRed.Losses.CuriosityInverseLoss.mean": {
            "value": 3.73259610970815,
            "min": 3.626374485095342,
            "max": 3.886141256491343,
            "count": 10
        },
        "CollectVegetableRed.Losses.CuriosityInverseLoss.sum": {
            "value": 18.66298054854075,
            "min": 14.505497940381368,
            "max": 18.87223653793335,
            "count": 10
        },
        "CollectVegetableRed.IsTraining.mean": {
            "value": 1.0,
            "min": 1.0,
            "max": 1.0,
            "count": 10
        },
        "CollectVegetableRed.IsTraining.sum": {
            "value": 1.0,
            "min": 1.0,
            "max": 1.0,
            "count": 10
        }
    },
    "metadata": {
        "timer_format_version": "0.1.0",
        "start_time_seconds": "1712779721",
        "python_version": "3.8.0 (tags/v3.8.0:fa919fd, Oct 14 2019, 19:37:50) [MSC v.1916 64 bit (AMD64)]",
        "command_line_arguments": "C:\\Users\\CIT\\Documents\\TA Game\\mlagents\\venv3.8\\Scripts\\mlagents-learn config\\defaultConfig.yaml --run-id=simple-4 --initialize-from=simple-3",
        "mlagents_version": "0.29.0",
        "mlagents_envs_version": "0.29.0",
        "communication_protocol_version": "1.5.0",
        "pytorch_version": "2.2.2+cpu",
        "numpy_version": "1.21.2",
        "end_time_seconds": "1712780327"
    },
    "total": 605.2386044,
    "count": 1,
    "self": 0.008365899999944304,
    "children": {
        "run_training.setup": {
            "total": 0.07735669999999994,
            "count": 1,
            "self": 0.07735669999999994
        },
        "TrainerController.start_learning": {
            "total": 605.1528818,
            "count": 1,
            "self": 0.5439219000076037,
            "children": {
                "TrainerController._reset_env": {
                    "total": 9.1350958,
                    "count": 1,
                    "self": 9.1350958
                },
                "TrainerController.advance": {
                    "total": 595.4052602999924,