{"count":1,"self":134.9637632,"total":5691.572112,"children":{"InitializeActuators":{"count":18,"self":0.0010002,"total":0.0010002,"children":null},"InitializeSensors":{"count":18,"self":0.0020006,"total":0.0020006,"children":null},"AgentSendState":{"count":329517,"self":4672.1916928,"total":4696.5517341999994,"children":{"CollectObservations":{"count":1186272,"self":3.3945612,"total":3.3945612,"children":null},"WriteActionMask":{"count":1186272,"self":0.58907239999999994,"total":0.58907239999999994,"children":null},"RequestDecision":{"count":1186272,"self":1.7878934,"total":20.376575199999998,"children":{"AgentInfo.ToProto":{"count":593136,"self":1.2955826,"total":15.223831299999999,"children":{"GenerateSensorData":{"count":593136,"self":8.6233,"total":13.9282487,"children":{"RayPerceptionSensor.Perceive":{"count":593136,"self":5.3049484,"total":5.3049484,"children":null}}}}},"RayPerceptionSensor.Perceive":{"count":593136,"self":3.3648504,"total":3.3648504999999997,"children":null}}}}},"DecideAction":{"count":329517,"self":844.1844224,"total":844.1844087,"children":null},"AgentAct":{"count":329517,"self":15.824632,"total":15.8246316,"children":null},"AgentInfo.ToProto":{"count":982,"self":0.0020004,"total":0.033562999999999996,"children":{"GenerateSensorData":{"count":982,"self":0.0165555,"total":0.031562599999999996,"children":{"RayPerceptionSensor.Perceive":{"count":982,"self":0.015007099999999999,"total":0.015007099999999999,"children":null}}}}},"RayPerceptionSensor.Perceive":{"count":982,"self":0.0080141999999999991,"total":0.0080141999999999991,"children":null}},"gauges":{"CollectVegetableRed.CumulativeReward":{"count":1964,"max":25.4205055,"min":-7.43007565,"runningAverage":0.0222296529,"value":-3.015971E-06,"weightedAverage":0.0028224166}},"metadata":{"timer_format_version":"0.1.0","start_time_seconds":"1714896022","unity_version":"2022.3.10f1","command_line_arguments":"C:\\Users\\CIT\\Documents\\TA Game\\GardenFrenzy\\training\\level1-academy1\\GardenFrenzy.exe -nographics -batchmode --mlagents-port 5012 -logFile C:\\Users\\CIT\\Documents\\TA Game\\GardenFrenzy\\training\\results\\Level1_Academy_2Layer\\run_logs\\Player-0.log","communication_protocol_version":"1.5.0","com.unity.ml-agents_version":"2.0.1","scene_name":"Level1 training","end_time_seconds":"1714901713"}}